UUID,REC_NR,NAME,AIRPORT,TYPE,STATUS,GEO_LON,GEO_LAT,TOP_AMSL,HEIGHT_AGL,RADIUS,WEF,MARKING,LIGHTING,GROUP,STYLE,SMALL,point
00298b49-9036-40a9-9500-a33b935cfad5,1,245NW20073,LSZC,CATENARY,A,8.35250927656561,46.987742929945796,466.8,50.0,,1950-01-01,NONE,NONE,NO,ms_cable,NO,POINT (8.352509276565611 46.9877429299458)
00298b49-9036-40a9-9500-a33b935cfad5,2,245NW20073,LSZC,CATENARY,A,8.353805172795862,46.98665310969146,640.8,50.0,,1950-01-01,NONE,NONE,NO,ms_cable,NO,POINT (8.353805172795862 46.98665310969146)
0130bbbf-10a4-43f0-b50d-826b9e4b419b,1,235SZ30085,,CATENARY,A,8.621996343234875,47.028999033547926,448.8,55.851000000000006,,2009-08-31,NONE,NONE,NO,ms_cable,NO,POINT (8.621996343234875 47.02899903354793)
0130bbbf-10a4-43f0-b50d-826b9e4b419b,2,235SZ30085,,CATENARY,A,8.614052999479455,47.02674169995778,467.1,55.851000000000006,,2009-08-31,NONE,NONE,NO,ms_cable,NO,POINT (8.614052999479455 47.02674169995778)
0130bbbf-10a4-43f0-b50d-826b9e4b419b,3,235SZ30085,,CATENARY,A,8.614665446788504,47.02466633154137,633.4,55.851000000000006,,2009-08-31,NONE,NONE,NO,ms_cable,NO,POINT (8.614665446788504 47.02466633154137)
0130bbbf-10a4-43f0-b50d-826b9e4b419b,4,235SZ30085,,CATENARY,A,8.622363304027846,47.02773579952584,610.9,55.851000000000006,,2009-08-31,NONE,NONE,NO,ms_cable,NO,POINT (8.622363304027846 47.02773579952584)
0130bbbf-10a4-43f0-b50d-826b9e4b419b,5,235SZ30085,,CATENARY,A,8.621996343234875,47.028999033547926,448.8,55.851000000000006,,2009-08-31,NONE,NONE,NO,ms_cable,NO,POINT (8.621996343234875 47.02899903354793)
02aca00d-8f84-4cdf-aea7-725b7243bdce,1,245NW30625,LSZC,BUILDING,A,8.424053849736916,46.98925625155621,490.2,14.0,,1950-01-01,NONE,NONE,NO,ms_building,YES,POINT (8.424053849736916 46.98925625155621)
04080da6-f6cf-4a38-aadf-aba9095f94ba,1,245SZ00007,,CATENARY,A,8.619003697251964,46.95876908162857,659.6,40.0,,1950-01-01,NONE,NONE,NO,ms_cable,NO,POINT (8.619003697251964 46.95876908162857)
04080da6-f6cf-4a38-aadf-aba9095f94ba,2,245SZ00007,,CATENARY,A,8.61981463030093,46.95979528679877,699.6,40.0,,1950-01-01,NONE,NONE,NO,ms_cable,NO,POINT (8.61981463030093 46.95979528679877)
0444d076-334a-43bd-aa1a-e9c89932e671,1,245NW30004,,CATENARY,A,8.548534527530514,46.94972247238945,1468.0,47.03,,2022-07-19,NONE,NONE,NO,ms_cable,NO,POINT (8.548534527530514 46.94972247238945)
0444d076-334a-43bd-aa1a-e9c89932e671,2,245NW30004,,CATENARY,A,8.5443057546458,46.94723545902743,1628.2,47.03,,2022-07-19,NONE,NONE,NO,ms_cable,NO,POINT (8.5443057546458 46.94723545902743)
052a85c7-2abf-4c96-8b24-c1333ce0c9c6,1,245NW20089,LSZC,POLE,A,8.385422910574725,46.96592149822494,482.9,30.4,,2007-08-20,NONE,NONE,NO,ms_pole,YES,POINT (8.385422910574725 46.96592149822494)
054f7158-18f9-4654-bd40-006d52b00117,1,235SZ30105,,CATENARY,A,8.545786057774906,47.057322809225866,487.8,30.0,,2010-11-01,NONE,NONE,NO,ms_cable,NO,POINT (8.545786057774906 47.05732280922587)
054f7158-18f9-4654-bd40-006d52b00117,2,235SZ30105,,CATENARY,A,8.550837985431446,47.061628084322756,709.8,30.0,,2010-11-01,NONE,NONE,NO,ms_cable,NO,POINT (8.550837985431446 47.06162808432276)
05f13836-7d8e-4029-ae56-2ef85322334f,1,245NW30643,LSZC,BUILDING,A,8.436550671960292,46.972037811834745,490.7,15.0,,1950-01-01,NONE,NONE,NO,ms_building,YES,POINT (8.436550671960292 46.97203781183475)
07901801-c183-4404-9ece-5b4bd3ba8112,1,235SZ00050,,CATENARY,A,8.597041192728632,47.03096299883176,448.5,25.0,,1950-01-01,NONE,NONE,NO,ms_cable,NO,POINT (8.597041192728632 47.03096299883176)
07901801-c183-4404-9ece-5b4bd3ba8112,2,235SZ00050,,CATENARY,A,8.597467875952146,47.03244303372036,459.0,25.0,,1950-01-01,NONE,NONE,NO,ms_cable,NO,POINT (8.597467875952146 47.03244303372036)
07c8c502-4524-4703-8729-5c4cec08b30c,1,245NW30685,LSZC,BUILDING,A,8.384343092697934,46.97083096209878,450.3,3.0,,1950-01-01,NONE,NONE,NO,ms_building,YES,POINT (8.384343092697934 46.97083096209878)
07f157a3-e3fb-4f10-a044-7a5d02a77c9e,1,235SZ30023,,POLE,A,8.552010524628384,47.04840156652225,552.8,43.0,,2008-02-29,NONE,NONE,NO,ms_pole,NO,POINT (8.552010524628384 47.04840156652225)
0860c329-1958-48af-a634-c29ddb45f5f1,1,245NW30636,LSZC,BUILDING,A,8.400598176282244,46.96715964923634,494.6,17.0,,1950-01-01,NONE,NONE,NO,ms_building,YES,POINT (8.400598176282244 46.96715964923634)
0969713c-aee7-49ea-9c9e-3c95a1cc7eaf,1,245NW30288,LSZC,CATENARY,A,8.424219411628934,46.933983064842636,1167.8,50.0,,1950-01-01,NONE,NONE,NO,ms_cable,NO,POINT (8.424219411628934 46.93398306484264)
0969713c-aee7-49ea-9c9e-3c95a1cc7eaf,2,245NW30288,LSZC,CATENARY,A,8.425545980223589,46.93828968059887,1394.0,50.0,,1950-01-01,NONE,NONE,NO,ms_cable,NO,POINT (8.425545980223589 46.93828968059887)
0a12720e-6bc9-494b-8c3a-4e118884fd5a,1,235LU30226,LSME,BUILDING,A,8.312065560926825,47.102886638108465,469.3,19.37,,2019-04-12,MARKED,LIGHTED,NO,ms_building_lighted,YES,POINT (8.312065560926825 47.10288663810847)
0ae50589-a671-43a6-b2a7-5cc3c3635542,1,246UR00281,,CATENARY,A,8.631351999669365,46.93498099280895,1391.0,45.0,,1950-01-01,NONE,NONE,NO,ms_cable,NO,POINT (8.631351999669365 46.93498099280895)
0ae50589-a671-43a6-b2a7-5cc3c3635542,2,246UR00281,,CATENARY,A,8.63949903161479,46.93516584974779,1666.8,45.0,,1950-01-01,NONE,NONE,NO,ms_cable,NO,POINT (8.63949903161479 46.93516584974779)
0af83548-1e22-404c-884d-1ac83aaa500e,1,235SZ30100,,CATENARY,A,8.533840218162364,47.009363598920366,912.1,50.0,,2011-09-20,NONE,NONE,NO,ms_cable,NO,POINT (8.533840218162364 47.00936359892037)
0af83548-1e22-404c-884d-1ac83aaa500e,2,235SZ30100,,CATENARY,A,8.528790742229305,47.013279949580316,1192.8,50.0,,2011-09-20,NONE,NONE,NO,ms_cable,NO,POINT (8.528790742229305 47.01327994958032)
0b16cc1c-e5fe-4ef4-9ad1-71abba661115,1,235LU00010,,CATENARY,A,8.508694542013965,47.01131030965927,1123.7,30.0,,1950-01-01,NONE,NONE,NO,ms_cable,NO,POINT (8.508694542013965 47.01131030965927)
0b16cc1c-e5fe-4ef4-9ad1-71abba661115,2,235LU00010,,CATENARY,A,8.508992790980647,47.00977822263639,1120.7,30.0,,1950-01-01,NONE,NONE,NO,ms_cable,NO,POINT (8.508992790980647 47.00977822263639)
0bd66a87-db45-4ace-888a-22230dbb2ce9,1,245NW30451,LSZC,BUILDING,A,8.352433472105943,46.9561152011471,514.8,11.0,,1950-01-01,NONE,NONE,NO,ms_building,YES,POINT (8.352433472105943 46.9561152011471)
0cd70305-d879-4197-9af0-6983d9b7b775,1,245NW30495,LSZC,BUILDING,A,8.340746061571279,46.95651237568153,528.0,13.0,,1950-01-01,NONE,NONE,NO,ms_building,YES,POINT (8.340746061571279 46.95651237568153)
0d811170-2535-44a0-b630-f2387c12be6e,1,LU23000471,,CRANE,A,8.295413414587367,47.0392527709441,543.3,92.59,70.0,2023-04-19,ORANGE_CANVAS,LOW,YES,ms_crane_group_lighted,NO,POINT (8.295413414587367 47.0392527709441)
0edd034f-eee5-4ad4-8696-9dbafa104665,1,235LU00065,,CABLE_CAR,A,8.487791394505251,47.00835490553667,487.0,75.0,,1950-01-01,NONE,NONE,NO,ms_cable,NO,POINT (8.487791394505251 47.00835490553667)
0edd034f-eee5-4ad4-8696-9dbafa104665,2,235LU00065,,CABLE_CAR,A,8.500126110619025,47.013638972909604,1061.8,75.0,,1950-01-01,NONE,NONE,NO,ms_cable,NO,POINT (8.500126110619025 47.0136389729096)
0fa20f4f-1231-4e57-b3ac-006f4ea14841,1,245NW30597,LSZC,BUILDING,A,8.385039902534306,46.97163060571373,455.0,8.0,,1950-01-01,NONE,NONE,NO,ms_building,YES,POINT (8.385039902534306 46.97163060571373)
106b90cc-8fd5-454e-836e-b7bf283f0033,1,245NW30496,LSZC,BUILDING,A,8.34745624921605,46.95682612662651,538.4,8.0,,1950-01-01,NONE,NONE,NO,ms_building,YES,POINT (8.34745624921605 46.95682612662651)
1081d1de-a84e-4773-bd60-5b33457f51ed,1,245SZ10005,,CATENARY,A,8.61755482921061,46.969984493477604,771.4,26.0,,1998-12-02,NONE,NONE,NO,ms_cable,NO,POINT (8.61755482921061 46.9699844934776)
1081d1de-a84e-4773-bd60-5b33457f51ed,2,245SZ10005,,CATENARY,A,8.618427554607704,46.96903091725822,795.4,26.0,,1998-12-02,NONE,NONE,NO,ms_cable,NO,POINT (8.618427554607704 46.96903091725822)
1096eb05-aa07-492f-9048-7517131d2cf2,1,245NW30600,LSZC,BUILDING,A,8.342316885070218,46.95174700041729,618.3,11.0,,1950-01-01,NONE,NONE,NO,ms_building,YES,POINT (8.342316885070218 46.95174700041729)
10e8376a-748d-44ec-b709-bf01f7dad73b,1,245NW00122,,CATENARY,A,8.514236512023315,46.956382203101924,756.9,70.0,,1950-01-01,CABLE_WARNER,NONE,NO,ms_cable_warner,NO,POINT (8.514236512023315 46.95638220310192)
10e8376a-748d-44ec-b709-bf01f7dad73b,2,245NW00122,,CATENARY,A,8.51236747290911,46.95163220379354,1059.5,70.0,,1950-01-01,CABLE_WARNER,NONE,NO,ms_cable_warner,NO,POINT (8.51236747290911 46.95163220379354)
1137cd8e-d325-4b4e-9047-f3f9ddcbff01,1,245NW30628,LSZC,BUILDING,A,8.405487941585957,46.98463894379153,489.9,14.0,,1950-01-01,NONE,NONE,NO,ms_building,YES,POINT (8.405487941585957 46.98463894379153)
116f26b3-da87-453a-8ae5-59e5729439e2,1,245NW30529,LSZC,BUILDING,A,8.344504768430097,46.956229681766565,522.7,11.0,,1950-01-01,NONE,NONE,NO,ms_building,YES,POINT (8.344504768430097 46.95622968176657)
126161fa-3350-46d5-a49a-1870389d0239,1,245NW30606,LSZC,BUILDING,A,8.33713345470088,46.950558301140674,646.4,11.0,,1950-01-01,NONE,NONE,NO,ms_building,YES,POINT (8.337133454700879 46.95055830114067)
13e9e9e6-e3a2-4930-bfc0-63a4f6fcc53b,1,245NW00037,,CATENARY,A,8.31394070324036,46.93622853392945,527.3,30.0,,1950-01-01,NONE,NONE,NO,ms_cable,NO,POINT (8.313940703240361 46.93622853392945)
14b7013b-bd5d-45f6-932d-94bcc1ae1b62,1,235LU40081,,CATENARY,A,8.482622974710901,47.032726750132774,1172.4,35.0,,2021-09-22,NONE,NONE,NO,ms_cable,NO,POINT (8.482622974710901 47.03272675013277)
14b7013b-bd5d-45f6-932d-94bcc1ae1b62,2,235LU40081,,CATENARY,A,8.483956013959624,47.03497257023139,1342.4,35.0,,2021-09-22,NONE,NONE,NO,ms_cable,NO,POINT (8.483956013959624 47.03497257023139)
16afd0dc-fa25-4c23-b4ca-8b4a80165cb3,1,245SZ00004,,CATENARY,A,8.550410205214776,46.996609640768106,989.7,50.0,,1950-01-01,NONE,NONE,NO,ms_cable,NO,POINT (8.550410205214776 46.99660964076811)
16afd0dc-fa25-4c23-b4ca-8b4a80165cb3,2,245SZ00004,,CATENARY,A,8.55191954284165,46.9996536395499,1152.8,50.0,,1950-01-01,NONE,NONE,NO,ms_cable,NO,POINT (8.551919542841651 46.9996536395499)
16afd0dc-fa25-4c23-b4ca-8b4a80165cb3,3,245SZ00004,,CATENARY,A,8.552603008825809,47.00090653306966,1232.1,50.0,,1950-01-01,NONE,NONE,NO,ms_cable,NO,POINT (8.552603008825809 47.00090653306966)
175b4230-a062-4bc4-971d-50c958fcdffe,1,235LU30168,,CATENARY,A,8.48501452382316,47.029000125671345,1083.1,60.46,,2022-09-26,NONE,NONE,NO,ms_cable,NO,POINT (8.48501452382316 47.02900012567135)
175b4230-a062-4bc4-971d-50c958fcdffe,2,235LU30168,,CATENARY,A,8.486634048707298,47.034454817557666,1396.8,60.46,,2022-09-26,NONE,NONE,NO,ms_cable,NO,POINT (8.486634048707298 47.03445481755767)
18ca1a8f-7bd2-4f22-a726-178f1f6feda8,1,245NW30484,LSZC,BUILDING,A,8.348638745603282,46.95545523522386,590.4,16.0,,1950-01-01,NONE,NONE,NO,ms_building,YES,POINT (8.348638745603282 46.95545523522386)
1b257af6-04b6-4820-ac00-505f763c1a04,1,245NW30624,LSZC,BUILDING,A,8.336457101954776,46.948981516457536,652.9,10.0,,1950-01-01,NONE,NONE,NO,ms_building,YES,POINT (8.336457101954776 46.94898151645754)
1b6b7d5c-c52f-445b-8d25-faead72a578c,1,245OW00207,,POLE,A,8.302244360567972,46.97661814717734,881.0,31.0,,1950-01-01,NONE,NONE,NO,ms_pole,NO,POINT (8.302244360567972 46.97661814717734)
1c768e49-c7d0-4e63-a9b6-6777318461fe,1,246SZ20092,,CATENARY,A,8.625463994727482,46.97165721678255,1115.0,60.0,,1950-01-01,NONE,NONE,NO,ms_cable,NO,POINT (8.625463994727482 46.97165721678255)
1c768e49-c7d0-4e63-a9b6-6777318461fe,2,246SZ20092,,CATENARY,A,8.630664184550508,46.97502198315684,1320.0,60.0,,1950-01-01,NONE,NONE,NO,ms_cable,NO,POINT (8.630664184550508 46.97502198315684)
1d10a36c-705d-4fba-977e-90c34c0c8973,1,245UR00096,,CATENARY,A,8.57722722714444,46.935531942661655,478.4,120.0,,1950-01-01,NONE,NONE,NO,ms_cable,NO,POINT (8.577227227144441 46.93553194266165)
1d10a36c-705d-4fba-977e-90c34c0c8973,2,245UR00096,,CATENARY,A,8.565128413033932,46.939790043728074,1180.5,120.0,,1950-01-01,NONE,NONE,NO,ms_cable,NO,POINT (8.565128413033932 46.93979004372807)
2050be44-cfbb-4490-a407-85408377db12,1,245NW00506,LSZC,CATENARY,A,8.449191606069846,46.952477136568156,952.2,30.0,,1986-12-15,NONE,NONE,NO,ms_cable,NO,POINT (8.449191606069846 46.95247713656816)
2050be44-cfbb-4490-a407-85408377db12,2,245NW00506,LSZC,CATENARY,A,8.448677180325905,46.95306640606046,944.6,30.0,,1986-12-15,NONE,NONE,NO,ms_cable,NO,POINT (8.448677180325905 46.95306640606046)
22c1021a-5b19-452c-99d8-36d21c5d0823,1,245NW10080,LSZC,POLE,A,8.407623211769144,46.95094691525246,870.0,43.0,,2023-12-22,RED_WHITE_RED,NONE,NO,ms_pole,NO,POINT (8.407623211769144 46.95094691525246)
23b748c5-ce19-488a-9fa0-faddf6b5a822,1,245NW30616,LSZC,BUILDING,A,8.340092808265188,46.955493257952135,543.9,12.0,,1950-01-01,NONE,NONE,NO,ms_building,YES,POINT (8.340092808265188 46.95549325795213)
23e82783-0fec-44cd-9c88-8339aac8a963,1,245UR00100,,CATENARY,A,8.575941346671952,46.93558969705175,504.6,130.0,,1950-01-01,NONE,NONE,NO,ms_cable,NO,POINT (8.575941346671952 46.93558969705175)
23e82783-0fec-44cd-9c88-8339aac8a963,2,245UR00100,,CATENARY,A,8.569129446081098,46.942359507446874,1072.7,130.0,,1950-01-01,NONE,NONE,NO,ms_cable,NO,POINT (8.569129446081098 46.94235950744687)
23e82783-0fec-44cd-9c88-8339aac8a963,3,245UR00100,,CATENARY,A,8.569331256800497,46.942149705531065,1065.5,130.0,,1950-01-01,NONE,NONE,NO,ms_cable,NO,POINT (8.569331256800497 46.94214970553107)
2482d062-d58d-4023-abe5-5d9ab2ad86dc,1,235LU00005,,CATENARY,A,8.500452423484193,47.01391797455142,1061.8,40.0,,1950-01-01,NONE,NONE,NO,ms_cable,NO,POINT (8.500452423484193 47.01391797455142)
2482d062-d58d-4023-abe5-5d9ab2ad86dc,2,235LU00005,,CATENARY,A,8.509089580712095,47.00981744129772,1128.6,40.0,,1950-01-01,NONE,NONE,NO,ms_cable,NO,POINT (8.509089580712095 47.00981744129772)
24f6bf19-64f3-43d7-924d-85a10456d330,1,245NW30646,LSZC,BUILDING,A,8.414445780767549,46.98486739770222,498.1,65.0,,1950-01-01,NONE,NONE,NO,ms_building,NO,POINT (8.414445780767549 46.98486739770222)
25203083-d803-439d-a5aa-6e58f909024a,1,246SZ00185,,CABLE_CAR,A,8.638496251239394,46.990234037289326,793.5,195.0,,1950-01-01,ORANGE_SPHERES,NONE,NO,ms_cable_spheres,NO,POINT (8.638496251239394 46.99023403728933)
256efa7d-60ef-4fa6-ae88-ab58b5682ad7,1,245NW30615,LSZC,BUILDING,A,8.339757927451824,46.95595602418021,535.0,9.0,,1950-01-01,NONE,NONE,NO,ms_building,YES,POINT (8.339757927451824 46.95595602418021)
25d7b9c6-85c0-4deb-9040-9ad989a61d3e,1,245NW30202,LSZC,POLE,A,8.418484836841898,46.99828969571367,820.5,33.5,,2011-10-14,MARKED,LIGHTED,NO,ms_pole_lighted,NO,POINT (8.418484836841898 46.99828969571367)
26439c8b-09a6-4e52-9f39-5692fa3909fd,1,235SZ30030,,POLE,A,8.498049950950783,47.071707838815364,485.7,26.48,,2009-07-17,NONE,NONE,NO,ms_pole,NO,POINT (8.498049950950783 47.07170783881536)
2734a381-a758-4f28-bc6c-e2119641be05,1,246SZ00227,,CATENARY,A,8.637698036083398,46.98394498202204,1023.3,25.0,,1950-01-01,NONE,NONE,NO,ms_cable,NO,POINT (8.637698036083398 46.98394498202204)
2734a381-a758-4f28-bc6c-e2119641be05,2,246SZ00227,,CATENARY,A,8.637714977366196,46.9788169856761,1306.1,25.0,,1950-01-01,NONE,NONE,NO,ms_cable,NO,POINT (8.637714977366196 46.9788169856761)
275233df-df7e-4ceb-80d5-c01abb410d1b,1,UR23001741,,CATENARY,A,8.587946371241634,46.960716024288644,826.9,55.17,,2023-10-31,CABLE_WARNER,NONE,NO,ms_cable_warner,NO,POINT (8.587946371241634 46.96071602428864)
275233df-df7e-4ceb-80d5-c01abb410d1b,2,UR23001741,,CATENARY,A,8.587810200433099,46.96040081622075,828.6,55.17,,2023-10-31,CABLE_WARNER,NONE,NO,ms_cable_warner,NO,POINT (8.587810200433099 46.96040081622075)
29d680bf-ef8f-4015-8ae6-d9d52ac33121,1,NW23000065,LSZC,CRANE,A,8.361925663689352,46.95794660011037,511.1,54.3,61.5,2023-01-30,ORANGE_CANVAS,LOW,YES,ms_crane_group_lighted,NO,POINT (8.361925663689352 46.95794660011037)
2a006387-75a0-4c95-a3b6-4ce7c0fe192a,1,245NW30682,LSZC,BUILDING,A,8.384750461717905,46.97087401943469,450.6,3.0,,1950-01-01,NONE,NONE,YES,ms_building_group,YES,POINT (8.384750461717905 46.97087401943469)
2ad45775-4a2d-49a2-9737-51bfde8011b4,1,246SZ10031,,CATENARY,A,8.624562410758811,46.9665386404428,1045.9,50.0,,1993-06-01,NONE,NONE,NO,ms_cable,NO,POINT (8.624562410758811 46.9665386404428)
2ad45775-4a2d-49a2-9737-51bfde8011b4,2,246SZ10031,,CATENARY,A,8.631500014691191,46.96826597425316,1494.3,50.0,,1993-06-01,NONE,NONE,NO,ms_cable,NO,POINT (8.631500014691191 46.96826597425316)
2af11aef-e3bb-4004-8f2e-4541fcec15e4,1,235LU10030,,STACK,A,8.290937684948537,47.06746834919032,523.0,70.0,,1996-05-31,NONE,NONE,NO,ms_stack,NO,POINT (8.290937684948537 47.06746834919032)
2bf680b0-399b-4565-abd2-7b33e905b2c0,1,245NW30595,LSZC,POLE,A,8.386684744570095,46.97162178416362,454.6,7.0,,1950-01-01,NONE,NONE,YES,ms_pole_group,YES,POINT (8.386684744570095 46.97162178416362)
2d41bc0b-f16d-4854-a303-bdd02a8fb510,1,245NW00123,,CATENARY,A,8.509557210406896,46.95562556005355,772.6,50.0,,1950-01-01,NONE,NONE,NO,ms_cable,NO,POINT (8.509557210406896 46.95562556005355)
2d41bc0b-f16d-4854-a303-bdd02a8fb510,2,245NW00123,,CATENARY,A,8.506063707565131,46.94779609439942,1223.1,50.0,,1950-01-01,NONE,NONE,NO,ms_cable,NO,POINT (8.506063707565131 46.94779609439942)
2e63d64e-f646-40a1-9476-8258807d484e,1,245NW30639,LSZC,BUILDING,A,8.42139419788603,46.970810092617256,494.8,12.0,,1950-01-01,NONE,NONE,NO,ms_building,YES,POINT (8.42139419788603 46.97081009261726)
2fa67eff-031f-4c3c-9358-384f7bbc8e17,1,245NW30551,LSZC,BUILDING,A,8.344709372658748,46.95233613593265,639.0,8.0,,1950-01-01,NONE,NONE,NO,ms_building,YES,POINT (8.344709372658748 46.95233613593265)
3155f924-49c4-48b8-afb0-649632a197d1,1,245NW30629,LSZC,BUILDING,A,8.361007987194457,46.96880388148029,488.7,17.0,,1950-01-01,NONE,NONE,NO,ms_building,YES,POINT (8.361007987194457 46.96880388148029)
333a1e85-b167-4a15-95e1-c50d41e952d1,1,245NW00022,LSZC,CATENARY,A,8.35355974523525,46.98382132349642,662.6,30.0,,1950-01-01,NONE,NONE,NO,ms_cable,NO,POINT (8.35355974523525 46.98382132349642)
333a1e85-b167-4a15-95e1-c50d41e952d1,2,245NW00022,LSZC,CATENARY,A,8.35518256486959,46.98263891990839,769.4,30.0,,1950-01-01,NONE,NONE,NO,ms_cable,NO,POINT (8.35518256486959 46.98263891990839)
34037c92-4978-42db-aa5d-5c9eeb222e04,1,LU23001239,,CRANE,A,8.301578562781652,47.02659479775422,528.5,81.16,75.0,2023-08-25,ORANGE_CANVAS,LOW,YES,ms_crane_group_lighted,NO,POINT (8.301578562781652 47.02659479775422)
348c198f-ea9d-421f-a5ca-2b7f1fe1f04e,1,245NW30584,LSZC,BUILDING,A,8.33928613832757,46.96058903692578,560.6,10.0,,1950-01-01,NONE,NONE,NO,ms_building,YES,POINT (8.339286138327569 46.96058903692578)
376347ce-380d-406d-95b0-ccd492398daf,1,245NW30630,LSZC,BUILDING,A,8.413663190616209,46.9785730240807,449.1,13.0,,1950-01-01,NONE,NONE,NO,ms_building,YES,POINT (8.413663190616209 46.9785730240807)
38636ff9-ad69-471e-9752-ece58233d88a,1,NW24000285,LSZC,CRANE,A,8.381196951099481,46.974989714375674,482.0,36.8,60.0,2024-03-01,MARKED,LIGHTED,NO,ms_crane_lighted,YES,POINT (8.381196951099481 46.97498971437567)
393a4419-54d9-43fe-8066-921b2f2259c9,1,235LU20066,,POLE,A,8.286131182167198,47.09154889472097,472.4,32.0,,2006-11-01,NONE,NONE,NO,ms_pole,NO,POINT (8.286131182167198 47.09154889472097)
397ee4c5-98f3-4f6e-a88f-cacf9134c741,1,UR24000378,,CATENARY,A,8.620722360358814,46.9431070750457,503.6,28.76,,2024-03-07,ORANGE_SPHERES,NONE,NO,ms_cable_spheres,NO,POINT (8.620722360358814 46.9431070750457)
397ee4c5-98f3-4f6e-a88f-cacf9134c741,2,UR24000378,,CATENARY,A,8.620469543698702,46.94290007172171,514.2,28.76,,2024-03-07,ORANGE_SPHERES,NONE,NO,ms_cable_spheres,NO,POINT (8.620469543698702 46.94290007172171)
397ee4c5-98f3-4f6e-a88f-cacf9134c741,3,UR24000378,,CATENARY,A,8.618973953218385,46.94166951583746,527.8,28.76,,2024-03-07,ORANGE_SPHERES,NONE,NO,ms_cable_spheres,NO,POINT (8.618973953218385 46.94166951583746)
397ee4c5-98f3-4f6e-a88f-cacf9134c741,4,UR24000378,,CATENARY,A,8.618646226783385,46.94140030690946,530.2,28.76,,2024-03-07,ORANGE_SPHERES,NONE,NO,ms_cable_spheres,NO,POINT (8.618646226783385 46.94140030690946)
3a36ddd1-6e2a-4d11-80c6-86921376e180,1,235SZ00049,,CATENARY,A,8.613917033440545,47.059578669871286,597.4,25.0,,1950-01-01,NONE,NONE,NO,ms_cable,NO,POINT (8.613917033440545 47.05957866987129)
3a36ddd1-6e2a-4d11-80c6-86921376e180,2,235SZ00049,,CATENARY,A,8.61575368351062,47.05928997520128,640.3,25.0,,1950-01-01,NONE,NONE,NO,ms_cable,NO,POINT (8.61575368351062 47.05928997520128)
3a664758-e31c-42d0-bf71-26fa5f0883c3,1,245NW20167,LSZC,CATENARY,A,8.43306356210776,46.93642540641957,1532.0,40.0,,2004-08-26,NONE,NONE,NO,ms_cable,NO,POINT (8.43306356210776 46.93642540641957)
3a664758-e31c-42d0-bf71-26fa5f0883c3,2,245NW20167,LSZC,CATENARY,A,8.438545316342204,46.934578509890954,1668.0,40.0,,2004-08-26,NONE,NONE,NO,ms_cable,NO,POINT (8.438545316342204 46.93457850989095)
3aea674b-027e-45bb-81f1-81942b8fb15e,1,235LU00031,,CATENARY,A,8.489409931865858,47.009752445468,519.9,50.0,,1950-01-01,NONE,NONE,NO,ms_cable,NO,POINT (8.489409931865858 47.009752445468)
3aea674b-027e-45bb-81f1-81942b8fb15e,2,235LU00031,,CATENARY,A,8.489732689043644,47.01437381982529,747.1,50.0,,1950-01-01,NONE,NONE,NO,ms_cable,NO,POINT (8.489732689043644 47.01437381982529)
3b24b8bf-4c41-47ab-8412-f17e1e5fd9e3,1,245NW00420,,POLE,A,8.482707013182939,46.93566034430032,1699.0,34.0,,1950-01-01,NONE,NONE,NO,ms_pole,NO,POINT (8.482707013182939 46.93566034430032)
3d5e1a29-86d8-44e9-892a-edd75d4be19d,1,245NW30687,LSZC,POLE,A,8.389124074279263,46.971600777839896,448.0,1.0,,1950-01-01,NONE,NONE,NO,ms_pole,YES,POINT (8.389124074279263 46.9716007778399)
3d748335-32a4-4845-8ed5-c89d802b6788,1,235LU00033,,CATENARY,A,8.476501872653566,47.02303078596328,617.5,30.0,,1950-01-01,NONE,NONE,NO,ms_cable,NO,POINT (8.476501872653566 47.02303078596328)
3d748335-32a4-4845-8ed5-c89d802b6788,2,235LU00033,,CATENARY,A,8.480160158239393,47.02173822218588,722.4,30.0,,1950-01-01,NONE,NONE,NO,ms_cable,NO,POINT (8.480160158239393 47.02173822218588)
3e78fb38-758d-4dc1-81be-a4c040d2cb90,1,235LU30131,,POLE,A,8.296953202901268,47.059174491262844,550.4,79.0,,2011-09-01,MARKED,LIGHTED,YES,ms_pole_group_lighted,NO,POINT (8.296953202901268 47.05917449126284)
4146b235-304d-4e90-8dd1-e1988003af10,1,235SZ30199,,CABLE_CAR,A,8.440000600987606,47.076075421865795,467.3,66.0,,2018-04-03,MARKED,NONE,NO,ms_cable_warner,NO,POINT (8.440000600987606 47.0760754218658)
4146b235-304d-4e90-8dd1-e1988003af10,2,235SZ30199,,CABLE_CAR,A,8.442503358798827,47.075418481568185,530.4,66.0,,2018-04-03,MARKED,NONE,NO,ms_cable_warner,NO,POINT (8.442503358798827 47.07541848156819)
4146b235-304d-4e90-8dd1-e1988003af10,3,235SZ30199,,CABLE_CAR,A,8.4467332713053,47.07432894081934,587.8,66.0,,2018-04-03,MARKED,NONE,NO,ms_cable_warner,NO,POINT (8.4467332713053 47.07432894081934)
4146b235-304d-4e90-8dd1-e1988003af10,4,235SZ30199,,CABLE_CAR,A,8.45305393573601,47.072688250852025,701.5,66.0,,2018-04-03,MARKED,NONE,NO,ms_cable_warner,NO,POINT (8.45305393573601 47.07268825085202)
4146b235-304d-4e90-8dd1-e1988003af10,5,235SZ30199,,CABLE_CAR,A,8.461448371963455,47.0705097070157,906.8,66.0,,2018-04-03,MARKED,NONE,NO,ms_cable_warner,NO,POINT (8.461448371963455 47.0705097070157)
4146b235-304d-4e90-8dd1-e1988003af10,6,235SZ30199,,CABLE_CAR,A,8.465700930969259,47.06940486435559,1030.6,66.0,,2018-04-03,MARKED,NONE,NO,ms_cable_warner,NO,POINT (8.465700930969259 47.06940486435559)
4146b235-304d-4e90-8dd1-e1988003af10,7,235SZ30199,,CABLE_CAR,A,8.465862090050974,47.0693638418542,1031.9,66.0,,2018-04-03,MARKED,NONE,NO,ms_cable_warner,NO,POINT (8.465862090050974 47.0693638418542)
42cffcb9-d6ac-4c99-82ef-2436ece78ca4,1,245NW30599,LSZC,BUILDING,A,8.341666167358087,46.95053311263835,648.9,11.0,,1950-01-01,NONE,NONE,NO,ms_building,YES,POINT (8.341666167358087 46.95053311263835)
43054bb5-aed1-4cda-8e87-1cc4056cbdff,1,235LU00074,,CATENARY,A,8.497136346227226,47.013423706674814,1030.8,148.0,,1950-01-01,CABLE_WARNER,NONE,NO,ms_cable_warner,NO,POINT (8.497136346227226 47.01342370667481)
43054bb5-aed1-4cda-8e87-1cc4056cbdff,2,235LU00074,,CATENARY,A,8.496253491593153,47.01735900090414,1080.1,148.0,,1950-01-01,CABLE_WARNER,NONE,NO,ms_cable_warner,NO,POINT (8.496253491593153 47.01735900090414)
4397c481-1226-4383-bd53-40eacec9c759,1,245NW30637,LSZC,BUILDING,A,8.407244294386263,46.967992296029045,493.6,10.0,,1950-01-01,NONE,NONE,NO,ms_building,YES,POINT (8.407244294386263 46.96799229602905)
442456c3-6208-4bf0-93ca-f24094677e94,1,245NW00104,LSZC,CATENARY,A,8.45105276321951,46.95224489782262,950.0,50.0,,1950-01-01,NONE,NONE,NO,ms_cable,NO,POINT (8.45105276321951 46.95224489782262)
442456c3-6208-4bf0-93ca-f24094677e94,2,245NW00104,LSZC,CATENARY,A,8.444237090616355,46.950991413043745,1113.3,50.0,,1950-01-01,NONE,NONE,NO,ms_cable,NO,POINT (8.444237090616355 46.95099141304375)
44e284e5-ea43-4291-aa26-44e6375d11d2,1,245NW30607,LSZC,BUILDING,A,8.34171836980047,46.95320192529628,585.0,11.0,,1950-01-01,NONE,NONE,NO,ms_building,YES,POINT (8.34171836980047 46.95320192529628)
44fb4d8b-2ee0-4339-9582-4b9b63067a37,1,235LU40083,,CRANE,A,8.312747863852456,47.08315526740543,477.1,51.34,,2021-11-02,MARKED,LIGHTED,NO,ms_crane_lighted,NO,POINT (8.312747863852456 47.08315526740543)
460fded2-5bb6-45dc-9005-6518455d006f,1,246SZ00182,,CATENARY,A,8.621895219604992,46.971334265218154,883.1,65.0,,1950-01-01,NONE,NONE,NO,ms_cable,NO,POINT (8.621895219604992 46.97133426521815)
460fded2-5bb6-45dc-9005-6518455d006f,2,246SZ00182,,CATENARY,A,8.62431925600561,46.97159709417944,1090.2,65.0,,1950-01-01,NONE,NONE,NO,ms_cable,NO,POINT (8.624319256005609 46.97159709417944)
460fded2-5bb6-45dc-9005-6518455d006f,3,246SZ00182,,CATENARY,A,8.625017047740691,46.971652847364595,1110.0,65.0,,1950-01-01,NONE,NONE,NO,ms_cable,NO,POINT (8.625017047740691 46.9716528473646)
460fded2-5bb6-45dc-9005-6518455d006f,4,246SZ00182,,CATENARY,A,8.62534633402644,46.971685423469,1111.5,65.0,,1950-01-01,NONE,NONE,NO,ms_cable,NO,POINT (8.625346334026441 46.971685423469)
46665e89-ed2d-4ea5-857e-64de40ffd187,1,235LU40107,,CRANE,A,8.295776961708567,47.02988567181297,529.0,69.0,,2024-04-04,ORANGE_CANVAS,LOW,NO,ms_crane_lighted,NO,POINT (8.295776961708567 47.02988567181297)
4995f0a5-1d0b-4897-91a0-73ba1e83ea61,1,245NW30462,LSZC,BUILDING,A,8.352968885446057,46.957383293752116,495.8,12.0,,1950-01-01,NONE,NONE,NO,ms_building,YES,POINT (8.352968885446057 46.95738329375212)
4a1c8f44-9597-4686-9f17-2c51a64dc20d,1,235LU00049,,STACK,A,8.364883146539677,47.110613552935284,484.0,70.0,,1950-01-01,NONE,NONE,NO,ms_stack,NO,POINT (8.364883146539677 47.11061355293528)
4a70c3e1-fccd-45d9-a402-70161c05dadb,1,LU23001684,,CRANE,A,8.312901763428897,47.08400821895929,472.9,47.8,60.0,2023-09-29,MARKED,LIGHTED,YES,ms_crane_group_lighted,NO,POINT (8.312901763428897 47.08400821895929)
4b5a32a9-6109-4043-97c4-6fb71351f4ae,1,245NW30507,LSZC,BUILDING,A,8.347631134682539,46.95629875737104,553.7,8.0,,1950-01-01,NONE,NONE,NO,ms_building,YES,POINT (8.347631134682539 46.95629875737104)
4b96a77d-c0da-44f3-894e-ef1e402abba3,1,245NW00024,LSZC,CATENARY,A,8.356031189457607,46.98614047020587,695.9,40.0,,1950-01-01,NONE,NONE,NO,ms_cable,NO,POINT (8.356031189457607 46.98614047020587)
4b96a77d-c0da-44f3-894e-ef1e402abba3,2,245NW00024,LSZC,CATENARY,A,8.360434361930576,46.986105164031976,881.6,40.0,,1950-01-01,NONE,NONE,NO,ms_cable,NO,POINT (8.360434361930576 46.98610516403198)
4d74410c-4e14-4666-b1e6-c2b319ea59f0,2,246SZ30134,,CATENARY,A,8.658798397084103,46.97533798341704,1431.5,34.0,,1950-01-01,NONE,NONE,NO,ms_cable,NO,POINT (8.658798397084103 46.97533798341704)
4ea8f7cd-2cfe-4c6b-8910-9b8bc923df30,1,235SZ00124,,CATENARY,A,8.527349971031224,47.007086342561216,917.9,48.0,,1950-01-01,NONE,NONE,NO,ms_cable,NO,POINT (8.527349971031224 47.00708634256122)
4ea8f7cd-2cfe-4c6b-8910-9b8bc923df30,2,235SZ00124,,CATENARY,A,8.523936017954751,47.00734359142689,907.0,48.0,,1950-01-01,NONE,NONE,NO,ms_cable,NO,POINT (8.523936017954751 47.00734359142689)
4eac0134-9000-4fa9-b3c6-4b9eb1021f6d,1,245NW30609,LSZC,BUILDING,A,8.340244765042817,46.95342294781615,581.0,12.0,,1950-01-01,NONE,NONE,NO,ms_building,YES,POINT (8.340244765042817 46.95342294781615)
4f6f2e33-b961-4c07-b01f-9e097200cb63,1,245NW30631,LSZC,BUILDING,A,8.361174934142571,46.956937380478145,495.0,12.0,,1950-01-01,NONE,NONE,NO,ms_building,YES,POINT (8.361174934142571 46.95693738047814)
4faf9df3-1897-4824-bbfd-bd67c79c2bf8,1,245NW30650,LSZC,POLE,A,8.382381297129282,46.968872640851075,453.3,6.0,,1950-01-01,NONE,NONE,NO,ms_pole,YES,POINT (8.382381297129282 46.96887264085107)
512e8be2-effb-455b-b7b6-da7de85f132b,1,235SZ30115,,POLE,A,8.592736968308023,47.01436363015562,1269.0,25.0,,1990-10-01,NONE,NONE,NO,ms_pole,NO,POINT (8.592736968308023 47.01436363015562)
5178f0b2-93ca-4533-970f-711c711dcb82,1,235LU00023,,CATENARY,A,8.482276634081499,47.022348701752556,747.5,25.0,,1950-01-01,NONE,NONE,NO,ms_cable,NO,POINT (8.482276634081499 47.02234870175256)
5178f0b2-93ca-4533-970f-711c711dcb82,2,235LU00023,,CATENARY,A,8.483525237892968,47.02229235975485,791.6,25.0,,1950-01-01,NONE,NONE,NO,ms_cable,NO,POINT (8.483525237892968 47.02229235975485)
53bd67f0-807c-4f52-94d7-a55f8c2c6e45,1,235SZ30213,,POLE,A,8.613014818386288,47.00331746939912,501.5,62.0,,2000-01-01,NONE,NONE,NO,ms_pole,NO,POINT (8.613014818386288 47.00331746939912)
53c14c88-03c6-4f3b-befe-22f7950a5d1d,1,245NW30601,LSZC,BUILDING,A,8.34144839043225,46.95136396824219,624.0,9.0,,1950-01-01,NONE,NONE,NO,ms_building,YES,POINT (8.34144839043225 46.95136396824219)
543ffbfa-9636-4962-81fd-0f371bd4615f,1,235LU00073,,CATENARY,A,8.496805108694629,47.01330081981153,1012.8,78.0,,1950-01-01,CABLE_WARNER,NONE,NO,ms_cable_warner,NO,POINT (8.496805108694629 47.01330081981153)
543ffbfa-9636-4962-81fd-0f371bd4615f,2,235LU00073,,CATENARY,A,8.493493609017527,47.01813502315082,1110.2,78.0,,1950-01-01,CABLE_WARNER,NONE,NO,ms_cable_warner,NO,POINT (8.493493609017527 47.01813502315082)
552710bc-fcb1-4150-ba06-a0a3d486da43,1,236SZ30198,,BRIDGE,A,8.651034856534713,47.06748699229133,1173.3,58.0,,2010-04-12,NONE,NONE,NO,ms_bridge,NO,POINT (8.651034856534713 47.06748699229133)
552710bc-fcb1-4150-ba06-a0a3d486da43,2,236SZ30198,,BRIDGE,A,8.655221567013433,47.06921493402341,1188.2,58.0,,2010-04-12,NONE,NONE,NO,ms_bridge,NO,POINT (8.655221567013433 47.06921493402341)
5646362c-4b13-4044-b63e-e7b15bc6575c,1,235SZ00095,,CATENARY,A,8.469041265202472,47.05242423930653,1415.3,55.0,,1950-01-01,NONE,NONE,NO,ms_cable,NO,POINT (8.469041265202472 47.05242423930653)
5646362c-4b13-4044-b63e-e7b15bc6575c,2,235SZ00095,,CATENARY,A,8.47220122419189,47.05248579490364,1580.5,55.0,,1950-01-01,NONE,NONE,NO,ms_cable,NO,POINT (8.47220122419189 47.05248579490364)
56facd4f-a00a-44c9-afc2-6a512b78074b,1,245NW30690,LSZC,BUILDING,A,8.386430894196018,46.9715653203312,449.8,2.0,,1950-01-01,NONE,NONE,NO,ms_building,YES,POINT (8.386430894196018 46.9715653203312)
5708fbb8-461f-40cc-b3cf-d6b4170bbdf8,1,235SZ00035,,CATENARY,A,8.520381447736808,47.046284250648384,739.0,40.0,,1950-01-01,NONE,NONE,NO,ms_cable,NO,POINT (8.520381447736808 47.04628425064838)
5708fbb8-461f-40cc-b3cf-d6b4170bbdf8,2,235SZ00035,,CATENARY,A,8.514054392153183,47.04252063678422,1001.7,40.0,,1950-01-01,NONE,NONE,NO,ms_cable,NO,POINT (8.514054392153183 47.04252063678422)
5751760b-6668-41b6-a65c-272727c7eb2e,1,235LU30170,,POLE,A,8.294498774360534,47.072812095507224,498.6,67.0,,1994-10-01,NONE,NONE,NO,ms_pole,NO,POINT (8.294498774360534 47.07281209550722)
58b61fe8-5386-4648-94cd-05e6a06c5322,1,236SZ30342,,STACK,A,8.626211170539758,47.01395308052211,498.9,55.0,,2013-11-26,NONE,NONE,NO,ms_stack,NO,POINT (8.626211170539758 47.01395308052211)
59129842-a396-4ca4-a51a-f61ae731354a,1,235SZ00100,,CATENARY,A,8.50390548409269,47.06487984333579,516.2,30.0,,1950-01-01,NONE,NONE,NO,ms_cable,NO,POINT (8.503905484092691 47.06487984333579)
59129842-a396-4ca4-a51a-f61ae731354a,2,235SZ00100,,CATENARY,A,8.500707083946185,47.062930481486006,701.0,30.0,,1950-01-01,NONE,NONE,NO,ms_cable,NO,POINT (8.500707083946185 47.06293048148601)
5a524abe-2334-45fa-bf37-2a133fc86f17,1,245NW00090,LSZC,CATENARY,A,8.407394083369264,46.947710342384504,808.2,35.0,,1950-01-01,NONE,NONE,NO,ms_cable,NO,POINT (8.407394083369264 46.9477103423845)
5a524abe-2334-45fa-bf37-2a133fc86f17,2,245NW00090,LSZC,CATENARY,A,8.41654539412157,46.94529377673469,1270.2,35.0,,1950-01-01,NONE,NONE,NO,ms_cable,NO,POINT (8.41654539412157 46.94529377673469)
5a882ba2-63d4-46d7-8739-2e7ad7947628,1,245NW30651,LSZC,BUILDING,A,8.414090458832082,46.98134999823842,451.4,17.0,,1950-01-01,NONE,NONE,NO,ms_building,YES,POINT (8.414090458832082 46.98134999823842)
5b32371f-84e0-4ff9-8e23-8fe96446dfcc,1,245NW00121,,CATENARY,A,8.518439126409117,46.95564108357729,769.7,50.0,,1950-01-01,NONE,NONE,NO,ms_cable,NO,POINT (8.518439126409117 46.95564108357729)
5b32371f-84e0-4ff9-8e23-8fe96446dfcc,2,245NW00121,,CATENARY,A,8.518353128988089,46.9526823833164,1010.4,50.0,,1950-01-01,NONE,NONE,NO,ms_cable,NO,POINT (8.518353128988089 46.9526823833164)
5bc4c8b2-d685-4094-b456-91d38c532407,1,LU24000342,,CRANE,A,8.30344770492809,47.061105419232405,510.9,44.8,37.0,2024-04-08,ORANGE_CANVAS,LOW,NO,ms_crane_lighted,NO,POINT (8.303447704928089 47.0611054192324)
5d495724-e7d7-4d8b-82cf-55d283560de0,1,245NW00106,LSZC,CATENARY,A,8.442150171262165,46.94758235429225,1216.8,50.0,,1950-01-01,NONE,NONE,NO,ms_cable,NO,POINT (8.442150171262165 46.94758235429225)
5d495724-e7d7-4d8b-82cf-55d283560de0,2,245NW00106,LSZC,CATENARY,A,8.435280109093647,46.94972027409954,1446.9,50.0,,1950-01-01,NONE,NONE,NO,ms_cable,NO,POINT (8.435280109093647 46.94972027409954)
5d77018f-2c42-455a-ba82-c700a9f14222,1,246SZ00010,,CATENARY,A,8.64761512364846,46.968996927828776,1605.5,50.0,,1950-01-01,NONE,NONE,NO,ms_cable,NO,POINT (8.64761512364846 46.96899692782878)
5d77018f-2c42-455a-ba82-c700a9f14222,2,246SZ00010,,CATENARY,A,8.643230852708166,46.966883908900826,1712.3,50.0,,1950-01-01,NONE,NONE,NO,ms_cable,NO,POINT (8.643230852708166 46.96688390890083)
5e6854ed-c2a1-49c7-bfd8-8540f711629c,1,235LU30035,,POLE,A,8.373833020576196,47.10477495625189,442.7,26.21,,2010-01-15,NONE,NONE,NO,ms_pole,NO,POINT (8.373833020576196 47.10477495625189)
5e892ec5-d41b-4423-b0b0-b20c21f93a48,1,245NW20088,LSZC,POLE,A,8.355244447557737,46.966238906058386,475.0,35.0,,2004-03-23,NONE,NONE,NO,ms_pole,YES,POINT (8.355244447557737 46.96623890605839)
5f199ff1-d2fc-4bc1-916e-edb4ea58d5a9,1,235SZ20073,,POLE,A,8.447563517140388,47.10711104096842,461.0,31.0,,2005-05-25,NONE,NONE,NO,ms_pole,NO,POINT (8.447563517140388 47.10711104096842)
604fb830-24e0-4464-b7fd-072da738b109,1,245NW30627,LSZC,BUILDING,A,8.408256430434223,46.98561905092533,488.9,13.0,,1950-01-01,NONE,NONE,NO,ms_building,YES,POINT (8.408256430434223 46.98561905092533)
60b0372d-180f-4084-b789-a547f74c6baf,1,246SZ00192,,CATENARY,A,8.642679563959529,46.959872475976105,1545.4,30.0,,1950-01-01,NONE,NONE,NO,ms_cable,NO,POINT (8.642679563959529 46.95987247597611)
60b0372d-180f-4084-b789-a547f74c6baf,2,246SZ00192,,CATENARY,A,8.643532193446326,46.962742394142154,1735.1,30.0,,1950-01-01,NONE,NONE,NO,ms_cable,NO,POINT (8.643532193446326 46.96274239414215)
61f7a9a6-9146-4677-9518-8b821338a37b,1,235LU20063,,POLE,A,8.282362430778855,47.01950440695582,724.0,36.0,,2004-11-25,NONE,NONE,NO,ms_pole,NO,POINT (8.282362430778855 47.01950440695582)
65314cef-c01a-46d6-82ad-823c4e320c7b,1,245UR10040,,CATENARY,A,8.569871391210931,46.95200933240472,1294.4,35.0,,1950-01-01,NONE,NONE,NO,ms_cable,NO,POINT (8.569871391210931 46.95200933240472)
65314cef-c01a-46d6-82ad-823c4e320c7b,2,245UR10040,,CATENARY,A,8.565787787254852,46.949046674433795,1440.9,35.0,,1950-01-01,NONE,NONE,NO,ms_cable,NO,POINT (8.565787787254852 46.9490466744338)
65ba8f84-cdbd-4af5-acca-50d200598f85,1,245NW00020,LSZC,CATENARY,A,8.34915554322536,46.9721617404931,439.7,30.0,,1950-01-01,NONE,NONE,NO,ms_cable,NO,POINT (8.349155543225359 46.9721617404931)
65ba8f84-cdbd-4af5-acca-50d200598f85,2,245NW00020,LSZC,CATENARY,A,8.351788208316853,46.972410676126536,552.3,30.0,,1950-01-01,NONE,NONE,NO,ms_cable,NO,POINT (8.351788208316853 46.97241067612654)
66a54444-1c48-44db-940d-3de8cd15e21a,1,245NW30656,LSZC,POLE,A,8.441619151703982,46.995166903237745,499.8,12.0,,1950-01-01,NONE,NONE,NO,ms_pole,YES,POINT (8.441619151703982 46.99516690323775)
66ade045-b1aa-48a9-8aa9-a6c19382f4c7,1,235LU30194,,POLE,A,8.287605675436135,47.04163081202484,658.3,49.0,,2016-09-01,NONE,NONE,NO,ms_pole,NO,POINT (8.287605675436135 47.04163081202484)
679e4e82-a3e9-42ee-9d30-6dab5e3b453c,1,235SZ40014,LSXN,STACK,A,8.412529245306585,47.08731839811288,607.0,62.0,,2020-05-26,MARKED,LIGHTED,NO,ms_stack_lighted,NO,POINT (8.412529245306585 47.08731839811288)
67b6bb61-a07b-4f4a-abfd-df892453bc66,1,235SZ00047,,CATENARY,A,8.540407208800161,47.003954232167786,897.5,50.0,,1950-01-01,NONE,NONE,NO,ms_cable,NO,POINT (8.540407208800161 47.00395423216779)
67b6bb61-a07b-4f4a-abfd-df892453bc66,2,235SZ00047,,CATENARY,A,8.554358392238361,47.005533113827454,1387.9,50.0,,1950-01-01,NONE,NONE,NO,ms_cable,NO,POINT (8.554358392238361 47.00553311382745)
6a346afc-e9fa-4fd6-824f-c2ca1c421e1c,1,245NW30686,LSZC,POLE,A,8.388871780787753,46.97195937264539,448.3,1.0,,1950-01-01,NONE,NONE,NO,ms_pole,YES,POINT (8.388871780787753 46.97195937264539)
6ad82b97-a087-4719-bc6c-b3ee8f248322,1,245UR00198,,CATENARY,A,8.58208422194006,46.95887387277979,832.6,140.0,,1950-01-01,NONE,NONE,NO,ms_cable,NO,POINT (8.582084221940059 46.95887387277979)
6ad82b97-a087-4719-bc6c-b3ee8f248322,2,245UR00198,,CATENARY,A,8.569989696059467,46.95233688215075,1284.2,140.0,,1950-01-01,NONE,NONE,NO,ms_cable,NO,POINT (8.569989696059467 46.95233688215075)
6c77ef51-b86b-4fd7-9a84-28f55fddf84b,1,235SZ00056,,CATENARY,A,8.539283530624981,47.00544314756885,883.2,50.0,,1950-01-01,NONE,NONE,NO,ms_cable,NO,POINT (8.539283530624981 47.00544314756885)
6c77ef51-b86b-4fd7-9a84-28f55fddf84b,2,235SZ00056,,CATENARY,A,8.539987169730589,47.0044918170297,885.8,50.0,,1950-01-01,NONE,NONE,NO,ms_cable,NO,POINT (8.539987169730589 47.0044918170297)
6d895181-d0d1-4e10-a81d-e7333c8d92ac,1,235SZ30250,,POLE,A,8.486867317636465,47.078233592414215,456.0,26.0,,2019-12-03,NONE,NONE,NO,ms_pole,NO,POINT (8.486867317636465 47.07823359241421)
6e2e8b17-e82b-4db3-bf9f-e81b55670d05,1,246SZ40031,,BUILDING,A,8.623379729081067,46.998516700524576,469.0,27.0,,2021-02-18,NONE,NONE,NO,ms_building,NO,POINT (8.623379729081067 46.99851670052458)
6fa695e7-c6e8-4ea1-8423-232d9ac3325e,1,245UR20178,,CATENARY,A,8.576529764021823,46.93546690376747,500.0,80.0,,2005-05-23,NONE,NONE,NO,ms_cable,NO,POINT (8.576529764021823 46.93546690376747)
70a63ed9-76fc-4d73-b163-1deb277e70aa,1,NW23001068,LSZC,CRANE,A,8.404554829424512,46.97332180350282,512.0,71.3,79.0,2023-07-17,ORANGE_CANVAS,LOW,YES,ms_crane_group_lighted,NO,POINT (8.404554829424512 46.97332180350282)
72ba66d9-3439-4efa-affe-b223ff298be2,1,LU23002393,LSME,CRANE,A,8.28297871974143,47.0687015761849,498.6,67.1,40.0,2024-01-22,MARKED,LIGHTED,YES,ms_crane_group_lighted,NO,POINT (8.282978719741431 47.0687015761849)
72c67718-5179-4a63-a928-5d61992fd1d0,1,235SZ30112,,POLE,A,8.46824776206567,47.10772795429251,635.8,37.2,,2011-10-05,NONE,NONE,NO,ms_pole,NO,POINT (8.468247762065671 47.10772795429251)
74a6abd2-5d98-4802-8506-532ea6ff355e,1,235LU40032,LSME,POLE,A,8.308524522831894,47.09801186536964,448.0,25.0,,2020-07-27,MARKED,LIGHTED,NO,ms_pole_lighted,NO,POINT (8.308524522831894 47.09801186536964)
75b247e3-2c6f-4844-a5e3-a4de4de52963,1,245NW30614,LSZC,BUILDING,A,8.339124435324196,46.955950027833005,544.4,14.0,,1950-01-01,NONE,NONE,NO,ms_building,YES,POINT (8.339124435324196 46.955950027833)
75c20d62-23a8-4668-b3f5-42398f0f1541,1,235SZ10003,,CATENARY,A,8.533542504865611,47.007657119813935,862.4,55.0,,1988-12-15,NONE,NONE,NO,ms_cable,NO,POINT (8.533542504865611 47.00765711981393)
75c20d62-23a8-4668-b3f5-42398f0f1541,2,235SZ10003,,CATENARY,A,8.536661260417631,47.005828117414815,846.1,55.0,,1988-12-15,NONE,NONE,NO,ms_cable,NO,POINT (8.536661260417631 47.00582811741481)
767684e6-ef3f-4ae4-a466-ba390da7ab0a,1,235SZ00051,,CATENARY,A,8.520222660460082,47.04493636704545,735.4,25.0,,1950-01-01,NONE,NONE,NO,ms_cable,NO,POINT (8.520222660460082 47.04493636704545)
767684e6-ef3f-4ae4-a466-ba390da7ab0a,2,235SZ00051,,CATENARY,A,8.521591525457232,47.04429375071609,721.2,25.0,,1950-01-01,NONE,NONE,NO,ms_cable,NO,POINT (8.521591525457232 47.04429375071609)
78be7d54-f6ad-4044-b17e-b6ff65b5c825,1,245NW30518,LSZC,BUILDING,A,8.348196971649568,46.95415471475042,617.6,7.0,,1950-01-01,NONE,NONE,NO,ms_building,YES,POINT (8.348196971649568 46.95415471475042)
799ad650-d39a-4bd4-979c-175a017da1d5,1,245NW00031,,CABLE_CAR,A,8.47320087895661,46.96614211573159,458.6,135.5,,1950-01-01,MARKED,NONE,NO,ms_cable_warner,NO,POINT (8.473200878956609 46.96614211573159)
799ad650-d39a-4bd4-979c-175a017da1d5,2,245NW00031,,CABLE_CAR,A,8.473188716819072,46.96508070561167,493.9,135.5,,1950-01-01,MARKED,NONE,NO,ms_cable_warner,NO,POINT (8.473188716819072 46.96508070561167)
799ad650-d39a-4bd4-979c-175a017da1d5,3,245NW00031,,CABLE_CAR,A,8.473125160092353,46.95679871844943,839.0,135.5,,1950-01-01,MARKED,NONE,NO,ms_cable_warner,NO,POINT (8.473125160092353 46.95679871844943)
799ad650-d39a-4bd4-979c-175a017da1d5,4,245NW00031,,CABLE_CAR,A,8.473063634214794,46.94963121005697,1167.7,135.5,,1950-01-01,MARKED,NONE,NO,ms_cable_warner,NO,POINT (8.473063634214794 46.94963121005697)
799ad650-d39a-4bd4-979c-175a017da1d5,5,245NW00031,,CABLE_CAR,A,8.473003477942596,46.94191294718994,1543.7,135.5,,1950-01-01,MARKED,NONE,NO,ms_cable_warner,NO,POINT (8.473003477942596 46.94191294718994)
799ad650-d39a-4bd4-979c-175a017da1d5,6,245NW00031,,CABLE_CAR,A,8.47299279887535,46.94053908912685,1599.2,135.5,,1950-01-01,MARKED,NONE,NO,ms_cable_warner,NO,POINT (8.47299279887535 46.94053908912685)
7a73b468-eabf-4a39-a83a-b6e01fcbfc37,1,245UR00102,,CATENARY,A,8.577174322333926,46.93551447620379,481.4,90.0,,1950-01-01,NONE,NONE,NO,ms_cable,NO,POINT (8.577174322333926 46.93551447620379)
7a73b468-eabf-4a39-a83a-b6e01fcbfc37,2,245UR00102,,CATENARY,A,8.562363821890166,46.93760415006962,1151.0,90.0,,1950-01-01,NONE,NONE,NO,ms_cable,NO,POINT (8.562363821890166 46.93760415006962)
7b9e9886-4fd8-4b3c-a964-df0285674b59,1,235LU40080,,CATENARY,A,8.482622974710901,47.032726750132774,1172.4,35.0,,2021-09-22,NONE,NONE,NO,ms_cable,NO,POINT (8.482622974710901 47.03272675013277)
7b9e9886-4fd8-4b3c-a964-df0285674b59,2,235LU40080,,CATENARY,A,8.48340246970597,47.03357426098368,1228.4,35.0,,2021-09-22,NONE,NONE,NO,ms_cable,NO,POINT (8.48340246970597 47.03357426098368)
7c51f2db-cf40-4db5-9150-dfdeda064df5,1,236SZ30224,,POLE,A,8.64300952155581,47.0320010135448,575.4,33.0,,2011-10-19,NONE,NONE,NO,ms_pole,NO,POINT (8.643009521555809 47.0320010135448)
7cb4d7f2-8851-450f-89fb-e297779ae58d,1,NW23000413,LSZC,CRANE,A,8.41279430355579,46.978278869348536,462.7,26.4,56.5,2023-10-30,ORANGE_CANVAS,LIGHTED,NO,ms_crane_lighted,NO,POINT (8.41279430355579 46.97827886934854)
7d640b8a-7c84-4400-844b-c81e330d7b84,1,245NW30626,LSZC,BUILDING,A,8.419116356248686,46.98805759756182,493.9,18.0,,1950-01-01,NONE,NONE,NO,ms_building,YES,POINT (8.419116356248686 46.98805759756182)
7e9f0810-2413-4756-9c10-2de2822e34a7,1,235LU30182,,CATENARY,A,8.48704039181624,47.02783772498661,1058.9,33.0,,1950-01-01,NONE,NONE,NO,ms_cable,NO,POINT (8.48704039181624 47.02783772498661)
7e9f0810-2413-4756-9c10-2de2822e34a7,2,235LU30182,,CATENARY,A,8.491486744039243,47.02916438841074,1362.5,33.0,,1950-01-01,NONE,NONE,NO,ms_cable,NO,POINT (8.491486744039243 47.02916438841074)
7ec00f17-c3e1-4f26-bc37-2aeff7ea588c,1,235LU00045,,CABLE_CAR,A,8.4409143164089,47.03409717143362,507.6,132.0,,1950-01-01,NONE,NONE,NO,ms_cable,NO,POINT (8.4409143164089 47.03409717143362)
7ec00f17-c3e1-4f26-bc37-2aeff7ea588c,2,235LU00045,,CABLE_CAR,A,8.451955032680353,47.038372178361705,1026.8,132.0,,1950-01-01,NONE,NONE,NO,ms_cable,NO,POINT (8.451955032680353 47.0383721783617)
7ec00f17-c3e1-4f26-bc37-2aeff7ea588c,3,235LU00045,,CABLE_CAR,A,8.46151251519187,47.042056552792985,1409.0,132.0,,1950-01-01,NONE,NONE,NO,ms_cable,NO,POINT (8.46151251519187 47.04205655279299)
7ec00f17-c3e1-4f26-bc37-2aeff7ea588c,4,235LU00045,,CABLE_CAR,A,8.463328809309619,47.04276001703164,1445.8,132.0,,1950-01-01,NONE,NONE,NO,ms_cable,NO,POINT (8.463328809309619 47.04276001703164)
7ec00f17-c3e1-4f26-bc37-2aeff7ea588c,5,235LU00045,,CABLE_CAR,A,8.464839984939259,47.043340239798155,1431.9,132.0,,1950-01-01,NONE,NONE,NO,ms_cable,NO,POINT (8.464839984939259 47.04334023979816)
810d296c-6a6a-4899-99b7-3701d1dc49fd,1,235SZ20013,,CATENARY,A,8.583006242387935,47.020668450382935,840.0,65.0,,2002-06-17,NONE,NONE,NO,ms_cable,NO,POINT (8.583006242387935 47.02066845038294)
810d296c-6a6a-4899-99b7-3701d1dc49fd,2,235SZ20013,,CATENARY,A,8.587739626404968,47.01441388439149,1178.0,65.0,,2002-06-17,NONE,NONE,NO,ms_cable,NO,POINT (8.587739626404968 47.01441388439149)
82ca0cb6-4439-410b-9239-6f0c098afb48,1,245NW30617,LSZC,BUILDING,A,8.34148211884348,46.95515460765175,547.2,11.0,,1950-01-01,NONE,NONE,NO,ms_building,YES,POINT (8.34148211884348 46.95515460765175)
82feb235-61d1-41c5-80f5-b919ef546c5c,1,245NW30610,LSZC,BUILDING,A,8.336345591522145,46.954708101178205,550.1,7.0,,1950-01-01,NONE,NONE,NO,ms_building,YES,POINT (8.336345591522145 46.95470810117821)
833437cc-c0f1-4fab-8138-5f330bb3d85f,1,245NW30640,LSZC,BUILDING,A,8.422107119945785,46.97121041149107,493.0,14.0,,1950-01-01,NONE,NONE,NO,ms_building,YES,POINT (8.422107119945785 46.97121041149107)
84f0c8c3-6f56-4039-a6ea-5b42e6e2d440,1,245NW30613,LSZC,BUILDING,A,8.336661888481057,46.955246808167885,546.6,8.0,,1950-01-01,NONE,NONE,NO,ms_building,YES,POINT (8.336661888481057 46.95524680816789)
8883529a-e700-4eaf-b41b-01ebe7edb787,1,OW23002180,LSMA,CRANE,A,8.287066390465561,46.94076759421557,478.6,39.0,40.0,2023-11-28,ORANGE_CANVAS,LOW,YES,ms_crane_group_lighted,NO,POINT (8.287066390465561 46.94076759421557)
88a5c3c8-a302-4c67-a633-6d1bff65f2ca,1,245NW10178,LSZC,CATENARY,A,8.4250128140916,46.94144292717681,1555.8,35.0,,1950-01-01,NONE,NONE,NO,ms_cable,NO,POINT (8.4250128140916 46.94144292717681)
88a5c3c8-a302-4c67-a633-6d1bff65f2ca,2,245NW10178,LSZC,CATENARY,A,8.4276723295914,46.943219182029154,1698.4,35.0,,1950-01-01,NONE,NONE,NO,ms_cable,NO,POINT (8.427672329591401 46.94321918202915)
88c708de-6039-4f06-9a33-4d46b95a95fd,1,245NW30661,LSZC,BUILDING,A,8.4148075541293,46.97894507013797,447.4,12.0,,1950-01-01,NONE,NONE,NO,ms_building,YES,POINT (8.4148075541293 46.97894507013797)
8a107f8d-2214-486f-b71f-8204543c6ccc,1,246SZ10030,,CATENARY,A,8.650477877755481,46.94733012230668,859.8,120.0,,1993-04-01,CABLE_WARNER,NONE,NO,ms_cable_warner,NO,POINT (8.650477877755481 46.94733012230668)
8a107f8d-2214-486f-b71f-8204543c6ccc,2,246SZ10030,,CATENARY,A,8.649136486099376,46.95660170558015,1480.4,120.0,,1993-04-01,CABLE_WARNER,NONE,NO,ms_cable_warner,NO,POINT (8.649136486099376 46.95660170558015)
8a899c7e-3da9-416e-9206-df9bbb597918,1,246UR00283,,CATENARY,A,8.6269534750206,46.943348214321844,938.4,125.0,,1950-01-01,NONE,NONE,NO,ms_cable,NO,POINT (8.626953475020599 46.94334821432184)
8a899c7e-3da9-416e-9206-df9bbb597918,2,246UR00283,,CATENARY,A,8.631361979873493,46.935430700754694,1372.0,125.0,,1950-01-01,NONE,NONE,NO,ms_cable,NO,POINT (8.631361979873493 46.93543070075469)
8a8cd643-5dff-4790-aee5-f3034f24fd0f,1,245NW30193,LSZC,CABLE_CAR,A,8.351354206491912,46.94763979038694,707.3,65.0,,2011-11-30,CABLE_WARNER,NONE,NO,ms_cable_warner,NO,POINT (8.351354206491912 46.94763979038694)
8b97158d-6bf3-449a-8bdc-88be9f495edc,1,235LU10023,,STACK,A,8.320115383867098,47.08847748380671,459.0,35.0,,1995-01-01,NONE,NONE,NO,ms_stack,NO,POINT (8.320115383867098 47.08847748380671)
8c1988e8-e272-4569-9617-950078882bf1,1,235LU00009,,CATENARY,A,8.503093832805392,47.014061271485694,1081.9,30.0,,1950-01-01,NONE,NONE,NO,ms_cable,NO,POINT (8.503093832805392 47.01406127148569)
8c1988e8-e272-4569-9617-950078882bf1,2,235LU00009,,CATENARY,A,8.505783260197465,47.01372143105723,1111.6,30.0,,1950-01-01,NONE,NONE,NO,ms_cable,NO,POINT (8.505783260197465 47.01372143105723)
8ca7c64e-3713-4b76-88f3-9990a8217a6c,1,235LU30145,,BUILDING,A,8.373986707227273,47.11282470294786,465.0,53.0,,2014-09-15,NONE,NONE,NO,ms_building,NO,POINT (8.373986707227273 47.11282470294786)
8d710494-3963-40a2-8983-c58721dfe098,1,245NW00135,,CATENARY,A,8.513674634366312,46.937559517535604,991.6,120.0,,1950-01-01,CABLE_WARNER,NONE,NO,ms_cable_warner,NO,POINT (8.513674634366312 46.9375595175356)
8d710494-3963-40a2-8983-c58721dfe098,2,245NW00135,,CATENARY,A,8.521441691093173,46.93909657254939,1336.3,120.0,,1950-01-01,CABLE_WARNER,NONE,NO,ms_cable_warner,NO,POINT (8.521441691093173 46.93909657254939)
8d9dfe86-f729-4993-8a62-ae42847f1473,1,245NW30688,LSZC,BUILDING,A,8.40331168348946,46.97625689900263,440.2,1.0,,1950-01-01,NONE,NONE,NO,ms_building,YES,POINT (8.403311683489459 46.97625689900263)
8deea4e5-7974-4220-9fc6-22b2226d9987,1,245NW30429,LSZC,BUILDING,A,8.356250994259149,46.956942720725,502.6,10.0,,1950-01-01,NONE,NONE,NO,ms_building,YES,POINT (8.356250994259149 46.956942720725)
8f99d3a6-ada6-46ae-ad24-567afe5e487e,1,245NW00132,,CATENARY,A,8.51896944731628,46.95587888808807,771.8,185.0,,1950-01-01,CABLE_WARNER,NONE,NO,ms_cable_warner,NO,POINT (8.51896944731628 46.95587888808807)
8f99d3a6-ada6-46ae-ad24-567afe5e487e,2,245NW00132,,CATENARY,A,8.522370191075535,46.95383175989835,892.1,185.0,,1950-01-01,CABLE_WARNER,NONE,NO,ms_cable_warner,NO,POINT (8.522370191075535 46.95383175989835)
8f99d3a6-ada6-46ae-ad24-567afe5e487e,3,245NW00132,,CATENARY,A,8.530143750473686,46.94912529049465,1297.2,185.0,,1950-01-01,CABLE_WARNER,NONE,NO,ms_cable_warner,NO,POINT (8.530143750473686 46.94912529049465)
8f99d3a6-ada6-46ae-ad24-567afe5e487e,4,245NW00132,,CATENARY,A,8.531740067938626,46.94816557824621,1386.1,185.0,,1950-01-01,CABLE_WARNER,NONE,NO,ms_cable_warner,NO,POINT (8.531740067938626 46.94816557824621)
8f99d3a6-ada6-46ae-ad24-567afe5e487e,5,245NW00132,,CATENARY,A,8.532830016977579,46.94750745947155,1471.3,185.0,,1950-01-01,CABLE_WARNER,NONE,NO,ms_cable_warner,NO,POINT (8.532830016977579 46.94750745947155)
8f99d3a6-ada6-46ae-ad24-567afe5e487e,6,245NW00132,,CATENARY,A,8.533790934053709,46.94695860596016,1521.8,185.0,,1950-01-01,CABLE_WARNER,NONE,NO,ms_cable_warner,NO,POINT (8.533790934053709 46.94695860596016)
8f99d3a6-ada6-46ae-ad24-567afe5e487e,7,245NW00132,,CATENARY,A,8.534789815111923,46.946346318594045,1569.5,185.0,,1950-01-01,CABLE_WARNER,NONE,NO,ms_cable_warner,NO,POINT (8.534789815111923 46.94634631859405)
8fd738c2-37f2-4c8d-ba33-4fa497cc82ce,2,246SZ00067,,CATENARY,A,8.653465897066804,46.960388467708206,1781.8,50.0,,1950-01-01,NONE,NONE,NO,ms_cable,NO,POINT (8.653465897066804 46.96038846770821)
90bf3ad6-eefd-48df-b65e-64ef98b408ab,1,245NW30392,LSZC,BUILDING,A,8.415828403874997,46.97919563441978,451.4,16.0,,1950-01-01,NONE,NONE,NO,ms_building,YES,POINT (8.415828403874997 46.97919563441978)
921a7123-2de1-4688-914b-d3946abed1a5,1,245NW30658,LSZC,POLE,A,8.418854911266209,46.988153029115324,497.7,16.0,,1950-01-01,NONE,NONE,NO,ms_pole,YES,POINT (8.418854911266209 46.98815302911532)
92a904e3-ce7a-4880-967d-4a0ca2d3febd,1,NW23000486,LSZC,CATENARY,A,8.36660834680376,46.95277578551034,552.8,33.21,,2024-03-01,ORANGE_SPHERES,NONE,NO,ms_cable_spheres,NO,POINT (8.36660834680376 46.95277578551034)
92a904e3-ce7a-4880-967d-4a0ca2d3febd,2,NW23000486,LSZC,CATENARY,A,8.369436540871266,46.952227497083356,553.7,33.21,,2024-03-01,ORANGE_SPHERES,NONE,NO,ms_cable_spheres,NO,POINT (8.369436540871266 46.95222749708336)
92a904e3-ce7a-4880-967d-4a0ca2d3febd,3,NW23000486,LSZC,CATENARY,A,8.366590627094151,46.95266258191072,552.3,33.21,,2024-03-01,ORANGE_SPHERES,NONE,NO,ms_cable_spheres,NO,POINT (8.366590627094151 46.95266258191072)
9431a7f5-4b6f-497f-9d63-96d23ac1e9f8,1,LU24000382,,CRANE,A,8.280916862427409,47.078913263943136,473.0,37.7,55.0,2024-03-21,NONE,NONE,NO,ms_crane,NO,POINT (8.280916862427409 47.07891326394314)
948c5e7e-accc-41bb-b91b-d380966807d5,1,235LU00075,,CABLE_CAR,A,8.488699377403341,47.00838258157499,495.8,130.0,,1950-01-01,CABLE_WARNER,NONE,NO,ms_cable_warner,NO,POINT (8.488699377403341 47.00838258157499)
948c5e7e-accc-41bb-b91b-d380966807d5,2,235LU00075,,CABLE_CAR,A,8.49628236086223,47.003446139712636,939.6,130.0,,1950-01-01,CABLE_WARNER,NONE,NO,ms_cable_warner,NO,POINT (8.49628236086223 47.00344613971264)
94b59145-a5d8-46fe-b63c-670b84aa215a,1,245NW30719,,POLE,A,8.302007224132108,46.93898180884624,679.1,30.0,,2003-01-01,NONE,NONE,NO,ms_pole,NO,POINT (8.302007224132108 46.93898180884624)
94e2b036-9952-4a95-b474-1cc52c6c7fae,1,245NW00109,LSZC,CATENARY,A,8.44108377060711,46.94323766482145,1277.4,70.0,,1950-01-01,NONE,NONE,NO,ms_cable,NO,POINT (8.44108377060711 46.94323766482145)
94e2b036-9952-4a95-b474-1cc52c6c7fae,2,245NW00109,LSZC,CATENARY,A,8.435758119621154,46.94221343949248,1458.1,70.0,,1950-01-01,NONE,NONE,NO,ms_cable,NO,POINT (8.435758119621154 46.94221343949248)
971c7bb7-f2d4-41c8-821e-87970a585a4a,1,236SZ30275,,CABLE_CAR,A,8.63475277779726,47.07830010631241,794.8,40.0,,2011-02-03,NONE,NONE,NO,ms_cable,NO,POINT (8.63475277779726 47.07830010631241)
971c7bb7-f2d4-41c8-821e-87970a585a4a,2,236SZ30275,,CABLE_CAR,A,8.635750272638496,47.07756103836513,817.8,40.0,,2011-02-03,NONE,NONE,NO,ms_cable,NO,POINT (8.635750272638496 47.07756103836513)
971c7bb7-f2d4-41c8-821e-87970a585a4a,3,236SZ30275,,CABLE_CAR,A,8.638769928974478,47.0753884761858,888.0,40.0,,2011-02-03,NONE,NONE,NO,ms_cable,NO,POINT (8.638769928974478 47.0753884761858)
971c7bb7-f2d4-41c8-821e-87970a585a4a,4,236SZ30275,,CABLE_CAR,A,8.642814860892214,47.07256636798158,1015.1,40.0,,2011-02-03,NONE,NONE,NO,ms_cable,NO,POINT (8.642814860892214 47.07256636798158)
971c7bb7-f2d4-41c8-821e-87970a585a4a,5,236SZ30275,,CABLE_CAR,A,8.645173120523152,47.07086835585364,1065.3,40.0,,2011-02-03,NONE,NONE,NO,ms_cable,NO,POINT (8.645173120523152 47.07086835585364)
971c7bb7-f2d4-41c8-821e-87970a585a4a,6,236SZ30275,,CABLE_CAR,A,8.649279940295402,47.06790142306345,1182.6,40.0,,2011-02-03,NONE,NONE,NO,ms_cable,NO,POINT (8.649279940295402 47.06790142306345)
971c7bb7-f2d4-41c8-821e-87970a585a4a,7,236SZ30275,,CABLE_CAR,A,8.64969425459185,47.0675911889668,1185.4,40.0,,2011-02-03,NONE,NONE,NO,ms_cable,NO,POINT (8.64969425459185 47.0675911889668)
97b2acca-3122-4add-8de4-672e78a44b2d,1,235SZ00053,,CATENARY,A,8.536104992053506,47.01078130731678,929.2,25.0,,1950-01-01,NONE,NONE,NO,ms_cable,NO,POINT (8.536104992053506 47.01078130731678)
97b2acca-3122-4add-8de4-672e78a44b2d,2,235SZ00053,,CATENARY,A,8.537940257541209,47.010493856769884,942.3,25.0,,1950-01-01,NONE,NONE,NO,ms_cable,NO,POINT (8.537940257541209 47.01049385676988)
97c14771-cb79-4f7d-998f-9c0fe26c50d5,1,235SZ30198,,CABLE_CAR,A,8.530396413114119,47.03999586427601,771.8,96.0,,2017-09-02,ORANGE_SPHERES,NONE,NO,ms_cable_spheres,NO,POINT (8.530396413114119 47.03999586427601)
97c14771-cb79-4f7d-998f-9c0fe26c50d5,2,235SZ30198,,CABLE_CAR,A,8.527369292769661,47.035367444076755,1069.1,96.0,,2017-09-02,ORANGE_SPHERES,NONE,NO,ms_cable_spheres,NO,POINT (8.527369292769661 47.03536744407675)
97c14771-cb79-4f7d-998f-9c0fe26c50d5,3,235SZ30198,,CABLE_CAR,A,8.524736407417919,47.03133973871761,1379.2,96.0,,2017-09-02,ORANGE_SPHERES,NONE,NO,ms_cable_spheres,NO,POINT (8.524736407417919 47.03133973871761)
97c14771-cb79-4f7d-998f-9c0fe26c50d5,4,235SZ30198,,CABLE_CAR,A,8.52226006968564,47.02755248499622,1647.7,96.0,,2017-09-02,ORANGE_SPHERES,NONE,NO,ms_cable_spheres,NO,POINT (8.52226006968564 47.02755248499622)
97c14771-cb79-4f7d-998f-9c0fe26c50d5,5,235SZ30198,,CABLE_CAR,A,8.522190308683655,47.02748567445374,1650.1,96.0,,2017-09-02,ORANGE_SPHERES,NONE,NO,ms_cable_spheres,NO,POINT (8.522190308683655 47.02748567445374)
984abb72-dbbc-4f20-a149-547b96b8d233,1,235SZ00041,,CATENARY,A,8.54117461650272,47.06542748119592,501.7,60.0,,1950-01-01,NONE,NONE,NO,ms_cable,NO,POINT (8.541174616502721 47.06542748119592)
984abb72-dbbc-4f20-a149-547b96b8d233,2,235SZ00041,,CATENARY,A,8.545290371376865,47.067097107055496,724.5,60.0,,1950-01-01,NONE,NONE,NO,ms_cable,NO,POINT (8.545290371376865 47.0670971070555)
99dc26d5-ca0c-47e9-a676-1b2087f31808,1,245NW30621,LSZC,BUILDING,A,8.338298049335307,46.958853959237366,555.0,8.0,,1950-01-01,NONE,NONE,NO,ms_building,YES,POINT (8.338298049335307 46.95885395923737)
9ab17a1a-8147-45bb-8331-e7f45018e3fa,1,245NW30594,LSZC,BUILDING,A,8.336204684099437,46.949819199996156,644.5,12.0,,1950-01-01,NONE,NONE,NO,ms_building,YES,POINT (8.336204684099437 46.94981919999616)
9aece060-2b13-47ae-bc2e-3e4f0f94ade4,1,235LU00016,,POLE,A,8.282338534106728,47.0188209186858,713.0,28.0,,1950-01-01,NONE,NONE,NO,ms_pole,NO,POINT (8.282338534106728 47.0188209186858)
9b177fc2-2c64-4b8d-96e4-74d00f41f6a7,1,245NW30603,LSZC,BUILDING,A,8.340321044218987,46.95236291669887,599.6,7.0,,1950-01-01,NONE,NONE,NO,ms_building,YES,POINT (8.340321044218987 46.95236291669887)
9b497816-fc8c-4132-aed1-29440595c496,1,245NW30418,LSZC,BUILDING,A,8.381722228686629,46.968167486499674,459.9,11.0,,1950-01-01,NONE,NONE,NO,ms_building,YES,POINT (8.381722228686629 46.96816748649967)
9ba924c8-7fb7-42a6-9a03-6b41015825ef,1,245NW30473,LSZC,BUILDING,A,8.352568408710003,46.95735932030768,494.7,10.0,,1950-01-01,NONE,NONE,NO,ms_building,YES,POINT (8.352568408710003 46.95735932030768)
9bc1aadd-c276-4a41-a7d9-89975432cabe,1,245NW00029,LSZC,CATENARY,A,8.381411292446849,46.991889832778504,749.9,30.0,,1950-01-01,NONE,NONE,NO,ms_cable,NO,POINT (8.381411292446849 46.9918898327785)
9bc1aadd-c276-4a41-a7d9-89975432cabe,2,245NW00029,LSZC,CATENARY,A,8.390314630913789,46.989828148421076,880.2,30.0,,1950-01-01,NONE,NONE,NO,ms_cable,NO,POINT (8.390314630913789 46.98982814842108)
9e28c77b-d921-4916-9aa6-03727d0e1b6f,1,245NW40065,LSZC,POLE,A,8.409677190526288,46.97735930928418,448.3,9.8,,2020-12-10,NONE,NONE,NO,ms_pole,YES,POINT (8.409677190526288 46.97735930928418)
9f4d9ddb-74a4-4502-adef-af89d6d39f68,1,235LU30122,,POLE,A,8.366986263690006,47.06164327451786,642.5,36.0,,2012-04-30,NONE,NONE,NO,ms_pole,NO,POINT (8.366986263690006 47.06164327451786)
9f6ff200-1dbb-4bff-81e8-31ea6dac0626,1,245NW30764,LSZC,BUILDING,A,8.413870004743858,46.97880803531882,447.4,10.87,,2019-11-07,NONE,NONE,NO,ms_building,YES,POINT (8.413870004743858 46.97880803531882)
a063f128-1fb8-47d2-b54b-b7512ac488fa,1,245NW30373,,CABLE_CAR,A,8.287827333103296,46.98745780296546,780.7,45.0,,2000-06-01,NONE,NONE,NO,ms_cable,NO,POINT (8.287827333103296 46.98745780296546)
a063f128-1fb8-47d2-b54b-b7512ac488fa,2,245NW30373,,CABLE_CAR,A,8.28637976076633,46.9873605634199,811.8,45.0,,2000-06-01,NONE,NONE,NO,ms_cable,NO,POINT (8.28637976076633 46.9873605634199)
a063f128-1fb8-47d2-b54b-b7512ac488fa,3,245NW30373,,CABLE_CAR,A,8.28119301783239,46.98688612006772,931.0,45.0,,2000-06-01,NONE,NONE,NO,ms_cable,NO,POINT (8.28119301783239 46.98688612006772)
a4916d9b-85be-4f54-827e-d1877bd79541,1,235LU00072,,CABLE_CAR,A,8.479925890663493,47.03001651963591,1024.0,90.0,,1950-01-01,CABLE_WARNER,NONE,NO,ms_cable_warner,NO,POINT (8.479925890663493 47.03001651963591)
a4916d9b-85be-4f54-827e-d1877bd79541,2,235LU00072,,CABLE_CAR,A,8.49080247012065,47.031176737907955,1416.6,90.0,,1950-01-01,CABLE_WARNER,NONE,NO,ms_cable_warner,NO,POINT (8.49080247012065 47.03117673790796)
a49b22f4-3ff3-4b71-a7cd-437e0729b761,1,245NW30604,LSZC,BUILDING,A,8.338723381028121,46.952141134753894,623.2,12.0,,1950-01-01,NONE,NONE,NO,ms_building,YES,POINT (8.338723381028121 46.95214113475389)
a7074825-2e15-4556-8d63-85f596c8706b,1,245NW30652,LSZC,POLE,A,8.381887938016266,46.96973166120675,454.9,9.0,,1950-01-01,NONE,NONE,NO,ms_pole,YES,POINT (8.381887938016266 46.96973166120675)
a733c381-0093-4ffa-a59f-79d3ff6cccdb,1,245UR30702,,CATENARY,A,8.577257554393903,46.94502274576927,790.9,30.0,,2016-10-20,NONE,NONE,NO,ms_cable,NO,POINT (8.577257554393903 46.94502274576927)
a733c381-0093-4ffa-a59f-79d3ff6cccdb,2,245UR30702,,CATENARY,A,8.574080668328277,46.95009228059512,1091.3,30.0,,2016-10-20,NONE,NONE,NO,ms_cable,NO,POINT (8.574080668328277 46.95009228059512)
a77378b8-99a2-4693-abc2-c4789ddbb91c,1,245NW30596,LSZC,POLE,A,8.388736109526395,46.9722912725009,450.0,3.0,,1950-01-01,NONE,NONE,NO,ms_pole,YES,POINT (8.388736109526395 46.9722912725009)
a787d165-41c1-4f17-8158-5f668f5277ce,1,235LU00082,,CATENARY,A,8.485225690271397,47.029034183497565,1089.0,67.97,,2022-09-26,NONE,NONE,NO,ms_cable,NO,POINT (8.485225690271397 47.02903418349756)
a787d165-41c1-4f17-8158-5f668f5277ce,2,235LU00082,,CATENARY,A,8.48813319322497,47.03373944408398,1423.0,67.97,,2022-09-26,NONE,NONE,NO,ms_cable,NO,POINT (8.48813319322497 47.03373944408398)
a78dac5a-07f4-49aa-ac34-c78ec0cda28e,1,235LU20037,LSME,POLE,A,8.326171881100839,47.109857837127706,443.0,25.0,,2004-03-23,NONE,NONE,NO,ms_pole,YES,POINT (8.326171881100839 47.10985783712771)
a7c3bdf8-4fc0-4c8b-9962-d225de364e9d,1,245NW30612,LSZC,BUILDING,A,8.33734423919569,46.95551169267922,543.5,5.0,,1950-01-01,NONE,NONE,NO,ms_building,YES,POINT (8.337344239195691 46.95551169267922)
aa11bd68-a83d-412c-ae3e-daeef1ce3f2b,1,245NW30653,LSZC,POLE,A,8.340689314792451,46.96077078288587,529.7,7.0,,1950-01-01,NONE,NONE,NO,ms_pole,YES,POINT (8.340689314792451 46.96077078288587)
aa578f7e-3c40-4268-ae48-c6d746b52528,1,245NW30562,LSZC,BUILDING,A,8.344261248159366,46.95388685982722,588.7,3.0,,1950-01-01,NONE,NONE,NO,ms_building,YES,POINT (8.344261248159366 46.95388685982722)
ad1b2670-fec4-4720-acb7-7e3ca3e8f886,1,245NW30407,LSZC,BUILDING,A,8.385102161392464,46.9697862236177,451.2,3.0,,1950-01-01,NONE,NONE,NO,ms_building,YES,POINT (8.385102161392464 46.9697862236177)
ae9767d8-cb8e-47a7-a27d-aaaca871708e,1,245NW30689,LSZC,BUILDING,A,8.403060652098214,46.976615874575074,440.3,1.0,,1950-01-01,NONE,NONE,NO,ms_building,YES,POINT (8.403060652098214 46.97661587457507)
af3274bd-24ac-401e-9d6b-b78b24e2a169,1,245NW30657,LSZC,POLE,A,8.437649242326058,46.99421965541895,492.3,10.0,,1950-01-01,NONE,NONE,NO,ms_pole,YES,POINT (8.437649242326058 46.99421965541895)
af3e5832-fbbd-48a5-aebc-7dd9c7077cb1,1,245NW00105,LSZC,CATENARY,A,8.448442504592611,46.951764156308386,966.6,35.0,,1950-01-01,NONE,NONE,NO,ms_cable,NO,POINT (8.448442504592611 46.95176415630839)
af3e5832-fbbd-48a5-aebc-7dd9c7077cb1,2,245NW00105,LSZC,CATENARY,A,8.437923910821219,46.950596841189096,1376.4,35.0,,1950-01-01,NONE,NONE,NO,ms_cable,NO,POINT (8.437923910821219 46.9505968411891)
b0195ea7-8d74-4731-8a04-db4e4d8a1996,1,245NW30620,LSZC,BUILDING,A,8.338498491757537,46.95918792743907,555.7,7.0,,1950-01-01,NONE,NONE,NO,ms_building,YES,POINT (8.338498491757537 46.95918792743907)
b07d2982-3476-414f-9465-5d349f2ed379,1,245NW30619,LSZC,BUILDING,A,8.401333849413959,46.97014638348039,455.9,10.0,,1950-01-01,NONE,NONE,NO,ms_building,YES,POINT (8.401333849413959 46.97014638348039)
b160ff64-f84f-4edb-a0bb-44f2fd9049b4,1,235LU00080,,CATENARY,A,8.495432274985317,47.00234756859775,950.9,30.0,,1950-01-01,NONE,NONE,NO,ms_cable,NO,POINT (8.495432274985317 47.00234756859775)
b160ff64-f84f-4edb-a0bb-44f2fd9049b4,2,235LU00080,,CATENARY,A,8.496839492217424,47.00035549540474,1072.3,30.0,,1950-01-01,NONE,NONE,NO,ms_cable,NO,POINT (8.496839492217424 47.00035549540474)
b1c73bad-bd93-4c29-b4f0-d8da42ee0421,1,235LU20072,,POLE,A,8.296914580959722,47.05922875302382,558.8,87.75,,2005-06-15,NONE,NONE,NO,ms_pole,NO,POINT (8.296914580959722 47.05922875302382)
b21c09f4-cc0b-4a84-b04b-333bc015fe79,1,245NW30368,LSZC,CATENARY,A,8.440807136237275,46.94319510505925,1279.5,70.0,,1950-01-01,NONE,NONE,NO,ms_cable,NO,POINT (8.440807136237275 46.94319510505925)
b21c09f4-cc0b-4a84-b04b-333bc015fe79,2,245NW30368,LSZC,CATENARY,A,8.434046012216422,46.94196744446725,1579.5,70.0,,1950-01-01,NONE,NONE,NO,ms_cable,NO,POINT (8.434046012216422 46.94196744446725)
b279dbed-a894-4ae3-a832-05aa42ce8606,1,235SZ40086,,POLE,A,8.622998868798103,47.065883125632254,757.7,26.0,,2023-05-23,NONE,NONE,NO,ms_pole,NO,POINT (8.622998868798103 47.06588312563225)
b37386a4-a7a3-4225-b100-af507828139e,1,NW22000764,LSZC,CRANE,A,8.378482822916617,46.964391566719435,473.7,25.5,48.0,2022-10-06,ORANGE_CANVAS,NONE,NO,ms_crane,NO,POINT (8.378482822916617 46.96439156671943)
b37afb9d-04e5-4b11-a147-4c4ebc1159e3,1,245NW30608,LSZC,BUILDING,A,8.401331023014562,46.970758662611104,454.4,10.0,,1950-01-01,NONE,NONE,NO,ms_building,YES,POINT (8.401331023014562 46.9707586626111)
b3f7f0b1-a2a8-498f-a292-48b041c98e9b,1,245NW30647,LSZC,BUILDING,A,8.365497512113874,46.956801576039496,519.7,64.0,,1950-01-01,NONE,NONE,NO,ms_building,NO,POINT (8.365497512113874 46.9568015760395)
b4e3db90-c1c7-4cf7-a875-dd4ddcdc441b,1,246SZ20097,,CATENARY,A,8.641420188182476,46.94880199192264,822.7,80.0,,2004-05-15,MARKED,NONE,NO,ms_cable_warner,NO,POINT (8.641420188182476 46.94880199192264)
b4e3db90-c1c7-4cf7-a875-dd4ddcdc441b,2,246SZ20097,,CATENARY,A,8.638537750932873,46.959160145297524,1417.9,80.0,,2004-05-15,MARKED,NONE,NO,ms_cable_warner,NO,POINT (8.638537750932873 46.95916014529752)
b6e5fbf9-a3fb-4114-b3a1-8ff8c24ed625,1,245NW00421,,POLE,A,8.485324857665839,46.93722874784934,1684.0,34.0,,1950-01-01,NONE,NONE,NO,ms_pole,NO,POINT (8.485324857665839 46.93722874784934)
b713f129-c723-4190-a471-8c7821cffcc5,1,245NW30683,LSZC,BUILDING,A,8.38479977232087,46.970801016440866,450.6,2.0,,1950-01-01,NONE,NONE,NO,ms_building,YES,POINT (8.38479977232087 46.97080101644087)
b80c5753-1560-4e32-a137-8fdcaad44d19,1,OW23001178,LSMA,CRANE,A,8.286123223648046,46.940743357911465,439.8,80.0,,2023-09-29,NONE,NONE,NO,ms_polygon,NO,POINT (8.286123223648046 46.94074335791147)
b80c5753-1560-4e32-a137-8fdcaad44d19,2,OW23001178,LSMA,CRANE,A,8.287255339542074,46.94052286109585,440.4,80.0,,2023-09-29,NONE,NONE,NO,ms_polygon,NO,POINT (8.287255339542074 46.94052286109585)
b80c5753-1560-4e32-a137-8fdcaad44d19,3,OW23001178,LSMA,CRANE,A,8.287017358726532,46.940032647476365,441.1,80.0,,2023-09-29,NONE,NONE,NO,ms_polygon,NO,POINT (8.287017358726532 46.94003264747636)
b80c5753-1560-4e32-a137-8fdcaad44d19,4,OW23001178,LSMA,CRANE,A,8.285908959111191,46.94025728462693,439.9,80.0,,2023-09-29,NONE,NONE,NO,ms_polygon,NO,POINT (8.285908959111191 46.94025728462693)
b80c5753-1560-4e32-a137-8fdcaad44d19,5,OW23001178,LSMA,CRANE,A,8.286123223648046,46.940743357911465,439.8,80.0,,2023-09-29,NONE,NONE,NO,ms_polygon,NO,POINT (8.286123223648046 46.94074335791147)
bb023891-a95f-4e54-ac2c-53e03ebf2f46,1,246SZ10048,,CATENARY,A,8.623668518487474,46.967717388533785,1036.7,25.0,,1996-07-16,NONE,NONE,NO,ms_cable,NO,POINT (8.623668518487474 46.96771738853379)
bb023891-a95f-4e54-ac2c-53e03ebf2f46,2,246SZ10048,,CATENARY,A,8.628685133062223,46.96874504371708,1305.2,25.0,,1996-07-16,NONE,NONE,NO,ms_cable,NO,POINT (8.628685133062223 46.96874504371708)
bc543cc5-2e4e-4001-b96d-0dea7d877411,1,245NW00124,,CATENARY,A,8.512512275218008,46.93460163618826,1000.7,40.0,,1950-01-01,NONE,NONE,NO,ms_cable,NO,POINT (8.512512275218008 46.93460163618826)
bc9d2cb0-1dd5-440e-a289-677f956c683b,2,246SZ30081,,CATENARY,A,8.655903120225577,46.9595079627918,1838.6,40.0,,2009-06-10,NONE,NONE,NO,ms_cable,NO,POINT (8.655903120225577 46.9595079627918)
bdaaf574-5419-42b2-8024-18cbedee1348,1,LU23001682,,CRANE,A,8.319424819383702,47.08797084523201,473.5,50.52,62.5,2023-10-23,ORANGE_CANVAS,LOW,YES,ms_crane_group_lighted,NO,POINT (8.319424819383702 47.08797084523201)
bf097931-50cd-4126-bcd7-f8219795d41d,1,245NW30391,LSZC,POLE,A,8.38469985719733,46.971552629922705,457.6,10.0,,1950-01-01,NONE,NONE,NO,ms_pole,YES,POINT (8.384699857197329 46.97155262992271)
bf5cf332-3a50-4473-afdb-1e14a2493dc5,1,245NW30401,LSZC,BUILDING,A,8.416373199935439,46.979382061584474,450.4,15.0,,1950-01-01,NONE,NONE,NO,ms_building,YES,POINT (8.416373199935439 46.97938206158447)
bf6096fb-74f2-4313-a4ec-2a272e419bb2,1,236SZ30262,,POLE,A,8.647695024474668,47.06418476478278,1263.1,30.5,,2012-06-30,NONE,NONE,NO,ms_pole,NO,POINT (8.647695024474668 47.06418476478278)
bfffb6a6-7396-4e6f-93ba-9eec5c61ea5d,1,245NW30056,LSZC,BUILDING,A,8.406063228331567,46.973746552456035,449.2,8.5,,2007-04-30,NONE,NONE,NO,ms_building,YES,POINT (8.406063228331567 46.97374655245603)
c059e191-609a-456b-8ec0-31af48775809,1,245NW30811,,CATENARY,A,8.313809386516706,46.93622953696972,547.0,40.0,,2019-06-19,NONE,NONE,NO,ms_cable,NO,POINT (8.313809386516706 46.93622953696972)
c059e191-609a-456b-8ec0-31af48775809,2,245NW30811,,CATENARY,A,8.314607516156247,46.93443328251799,560.4,40.0,,2019-06-19,NONE,NONE,NO,ms_cable,NO,POINT (8.314607516156247 46.93443328251799)
c1bbbaf0-cd5d-46eb-9c5b-d4b532ba6b1b,1,LU22000417,,CRANE,A,8.29870414062113,47.059597675842895,524.9,72.21,70.0,2022-09-08,NONE,NONE,NO,ms_crane,NO,POINT (8.29870414062113 47.05959767584289)
c2e6e4f8-1a97-41d5-9afa-b163a1752f2e,1,235LU10024,,BUILDING,A,8.356151082744809,47.09314241038712,445.0,25.0,,1993-07-01,NONE,NONE,NO,ms_building,NO,POINT (8.356151082744809 47.09314241038712)
c36a0db5-78fd-4959-b40f-07ad26af6c78,1,235SZ00069,,CATENARY,A,8.473599091337631,47.063537909857565,1100.0,30.0,,1950-01-01,NONE,NONE,NO,ms_cable,NO,POINT (8.473599091337631 47.06353790985757)
c36a0db5-78fd-4959-b40f-07ad26af6c78,2,235SZ00069,,CATENARY,A,8.479750293057448,47.06168315483385,1290.1,30.0,,1950-01-01,NONE,NONE,NO,ms_cable,NO,POINT (8.479750293057448 47.06168315483385)
c4644a82-efe4-4b6b-b746-814b92ac1652,1,245NW30684,LSZC,BUILDING,A,8.384293270095572,46.970904778734685,450.3,3.0,,1950-01-01,NONE,NONE,NO,ms_building,YES,POINT (8.384293270095572 46.97090477873468)
c4a79e96-b3f3-4371-af27-8c70f6e200fb,1,235SZ10057,,POLE,A,8.48504831853352,47.05659727011546,1890.7,95.7,,1996-08-15,MARKED,LIGHTED,NO,ms_pole_lighted,NO,POINT (8.48504831853352 47.05659727011546)
c587ff5f-44da-4ac5-a3d6-af7306d9fce0,1,NW23002405,LSZC,CRANE,A,8.382417850819229,46.97341440469865,481.8,37.1,50.0,2024-01-29,MARKED,LIGHTED,NO,ms_crane_lighted,NO,POINT (8.382417850819229 46.97341440469865)
c5b608f4-77f9-403b-9d6d-f71eb0474b0d,1,245NW30440,LSZC,BUILDING,A,8.352815333073806,46.956088047549706,515.3,11.0,,1950-01-01,NONE,NONE,NO,ms_building,YES,POINT (8.352815333073806 46.95608804754971)
c7e874ef-1ab6-46c1-b790-19bc297bb2d6,1,245NW30573,LSZC,BUILDING,A,8.338722515332885,46.95937642875615,555.8,8.0,,1950-01-01,NONE,NONE,NO,ms_building,YES,POINT (8.338722515332885 46.95937642875615)
c82eb14d-25f4-42cc-ac52-22c6329b6df8,1,246UR00097,,CATENARY,A,8.646700721749179,46.94002916051826,1457.5,50.0,,1950-01-01,NONE,NONE,NO,ms_cable,NO,POINT (8.646700721749179 46.94002916051826)
c82eb14d-25f4-42cc-ac52-22c6329b6df8,2,246UR00097,,CATENARY,A,8.647973600063429,46.93415016637542,1708.1,50.0,,1950-01-01,NONE,NONE,NO,ms_cable,NO,POINT (8.647973600063429 46.93415016637542)
c9665e71-e5eb-4ba3-b3f3-410976006378,1,245NW30638,LSZC,BUILDING,A,8.419948099947622,46.97080538755145,488.6,9.0,,1950-01-01,NONE,NONE,NO,ms_building,YES,POINT (8.419948099947622 46.97080538755145)
cb05b0ad-4208-4f09-aa6b-5380119eeca5,1,246SZ00178,,CATENARY,A,8.627998368409976,46.9852155125693,760.7,50.0,,1950-01-01,NONE,NONE,NO,ms_cable,NO,POINT (8.627998368409976 46.9852155125693)
cb05b0ad-4208-4f09-aa6b-5380119eeca5,2,246SZ00178,,CATENARY,A,8.635541082581494,46.98153855435497,1119.9,50.0,,1950-01-01,NONE,NONE,NO,ms_cable,NO,POINT (8.635541082581494 46.98153855435497)
cb3859db-811a-4433-ae5c-df7c8ccd255c,1,245NW00071,,POLE,A,8.47358620730833,46.940115327736905,1618.0,28.0,,1950-01-01,NONE,NONE,NO,ms_pole,NO,POINT (8.47358620730833 46.9401153277369)
cc697526-c78f-4093-8b76-858710542ee4,1,235SZ00059,,POLE,A,8.578075017742124,47.02076259788959,918.0,28.0,,1950-01-01,NONE,NONE,NO,ms_pole,NO,POINT (8.578075017742124 47.02076259788959)
ccd45973-6e07-44f7-a58b-3778da7450c4,1,235LU10006,,CATENARY,A,8.48463675697389,47.02871426317395,1064.9,82.0,,1943-12-01,CABLE_WARNER,NONE,NO,ms_cable_warner,NO,POINT (8.48463675697389 47.02871426317395)
ccd45973-6e07-44f7-a58b-3778da7450c4,2,235LU10006,,CATENARY,A,8.4904578684165,47.03037027050064,1357.6,82.0,,1943-12-01,CABLE_WARNER,NONE,NO,ms_cable_warner,NO,POINT (8.490457868416501 47.03037027050064)
ce2991e2-1b44-4306-a6a4-07b46f277320,1,246SZ20026,,CATENARY,A,8.624678897697871,46.96586263190811,1060.0,67.0,,2001-09-30,NONE,NONE,NO,ms_cable,NO,POINT (8.624678897697871 46.96586263190811)
ce2991e2-1b44-4306-a6a4-07b46f277320,2,246SZ20026,,CATENARY,A,8.630942322158258,46.96386355510603,1430.0,67.0,,2001-09-30,NONE,NONE,NO,ms_cable,NO,POINT (8.630942322158258 46.96386355510603)
ce724634-57de-40ed-bf17-0a71bcc4bcd5,1,235LU00012,,CATENARY,A,8.509620312802138,47.02146703927431,1461.6,25.0,,1950-01-01,NONE,NONE,NO,ms_cable,NO,POINT (8.509620312802138 47.02146703927431)
ce724634-57de-40ed-bf17-0a71bcc4bcd5,2,235LU00012,,CATENARY,A,8.510676975896656,47.02168206928117,1502.8,25.0,,1950-01-01,NONE,NONE,NO,ms_cable,NO,POINT (8.510676975896656 47.02168206928117)
ce81daee-d0f3-4653-a439-0840fe5bc309,1,245NW00075,LSZC,CATENARY,A,8.410528272596267,46.93940768978335,999.8,42.0,,1950-01-01,NONE,NONE,NO,ms_cable,NO,POINT (8.410528272596267 46.93940768978335)
ce81daee-d0f3-4653-a439-0840fe5bc309,2,245NW00075,LSZC,CATENARY,A,8.405943309216845,46.94007620008457,755.8,42.0,,1950-01-01,NONE,NONE,NO,ms_cable,NO,POINT (8.405943309216845 46.94007620008457)
cfdb2bc6-3279-4164-97d4-d54d85a43393,1,245NW30602,LSZC,BUILDING,A,8.339087992270585,46.95269312949181,606.4,11.0,,1950-01-01,NONE,NONE,NO,ms_building,YES,POINT (8.339087992270585 46.95269312949181)
d0f96499-d32b-47fd-a25b-0dbbd4856643,1,245NW30618,LSZC,BUILDING,A,8.339340011912219,46.95762622246344,531.4,11.0,,1950-01-01,NONE,NONE,NO,ms_building,YES,POINT (8.339340011912219 46.95762622246344)
d19d56d4-d664-4753-8da1-810bd94f530e,1,235SZ00046,,CATENARY,A,8.524954520048214,47.02519104293222,1543.5,50.0,,1950-01-01,NONE,NONE,NO,ms_cable,NO,POINT (8.524954520048214 47.02519104293222)
d19d56d4-d664-4753-8da1-810bd94f530e,2,235SZ00046,,CATENARY,A,8.540751363278202,47.012895883397064,1008.6,50.0,,1950-01-01,NONE,NONE,NO,ms_cable,NO,POINT (8.540751363278202 47.01289588339706)
d1b62ff8-975a-4b23-b49e-f848f830631d,1,245NW30540,LSZC,BUILDING,A,8.344387117737798,46.955578958346386,535.5,12.0,,1950-01-01,NONE,NONE,NO,ms_building,YES,POINT (8.344387117737798 46.95557895834639)
d236ed72-d598-4690-889c-1169764f6d68,1,235SZ40068,,POLE,A,8.619265406756174,47.00993919946204,474.3,30.0,,2024-02-01,NONE,NONE,NO,ms_pole,NO,POINT (8.619265406756174 47.00993919946204)
d2b9cd26-82bc-478e-abea-3ffff38bcdb1,1,245NW30402,LSZC,BUILDING,A,8.338249956896096,46.957550942126176,547.1,12.0,,1950-01-01,NONE,NONE,NO,ms_building,YES,POINT (8.338249956896096 46.95755094212618)
d31a0b6e-1256-4adf-b53b-2c082f802d77,1,245NW30655,LSZC,POLE,A,8.342037744092456,46.95651560641123,526.7,14.0,,1950-01-01,NONE,NONE,NO,ms_pole,YES,POINT (8.342037744092456 46.95651560641123)
d50e9995-298f-4b05-a53a-50488385b1a8,1,245NW30648,LSZC,BUILDING,A,8.420120938050008,46.971353194246596,526.5,57.0,,1950-01-01,NONE,NONE,NO,ms_building,YES,POINT (8.420120938050008 46.9713531942466)
d58baa8f-3275-4e0b-8d10-0a4f540a26a7,1,245UR00109,,CATENARY,A,8.567955700457228,46.95124916565274,1306.1,40.0,,1950-01-01,NONE,NONE,NO,ms_cable,NO,POINT (8.567955700457228 46.95124916565274)
d58baa8f-3275-4e0b-8d10-0a4f540a26a7,2,245UR00109,,CATENARY,A,8.563878550386365,46.94670486218436,1543.1,40.0,,1950-01-01,NONE,NONE,NO,ms_cable,NO,POINT (8.563878550386365 46.94670486218436)
d691bb52-e4ed-4899-b6f5-7d1ba90532b4,1,245NW30642,LSZC,BUILDING,A,8.42282616065553,46.97111203363886,495.9,10.0,,1950-01-01,NONE,NONE,NO,ms_building,YES,POINT (8.42282616065553 46.97111203363886)
d6bd93d7-9bf6-4512-a3bf-878d82b158f0,1,245NW30611,LSZC,BUILDING,A,8.336537056165918,46.95489956043523,549.7,6.0,,1950-01-01,NONE,NONE,NO,ms_building,YES,POINT (8.336537056165918 46.95489956043523)
d7a4a384-5c2b-474b-ac59-97c6d2c9996a,1,245NW30659,LSZC,POLE,A,8.373920409099611,46.95349367737438,492.0,23.0,,1950-01-01,NONE,NONE,NO,ms_pole,YES,POINT (8.373920409099611 46.95349367737438)
d87a2a15-df0d-4772-bb07-093476a6aa58,1,245NW30248,LSZC,POLE,A,8.457661032332773,46.96608475230377,564.6,27.0,,2012-10-01,NONE,NONE,NO,ms_pole,NO,POINT (8.457661032332773 46.96608475230377)
dac5bec7-24d6-45f4-9da0-2bddde4472e2,1,235LU30078,,BUILDING,A,8.305700773450669,47.031942105442155,540.0,88.0,,2012-03-01,NONE,LIGHTED,YES,ms_building_group_lighted,NO,POINT (8.305700773450669 47.03194210544216)
db0b6a79-3810-49f4-a8c2-82fa00507c3c,1,LU23001898,,CRANE,A,8.474653366064299,46.99592641315156,542.8,109.2,65.0,2023-10-30,ORANGE_CANVAS,MEDIUM,YES,ms_crane_group_lighted,NO,POINT (8.474653366064299 46.99592641315156)
db98fb3b-c329-45a5-bcfc-0a39e9cdb65b,1,245NW30641,LSZC,BUILDING,A,8.413193778021299,46.981120402811186,448.2,13.0,,1950-01-01,NONE,NONE,NO,ms_building,YES,POINT (8.413193778021299 46.98112040281119)
dc56c66f-48de-48b0-b555-3b7023ae6cef,1,235SZ30206,LSXN,POLE,A,8.413505650235152,47.083962304656744,627.6,30.0,,2000-12-14,NONE,NONE,NO,ms_pole,NO,POINT (8.413505650235152 47.08396230465674)
dce0d4bb-1bd2-4a4c-991b-2c881d08cb02,1,245NW30044,,CABLE_CAR,A,8.513772787664992,46.95618873214447,758.4,40.0,,2007-07-15,NONE,NONE,NO,ms_cable,NO,POINT (8.513772787664992 46.95618873214447)
dce0d4bb-1bd2-4a4c-991b-2c881d08cb02,2,245NW30044,,CABLE_CAR,A,8.50491602831218,46.94491924027246,1280.0,40.0,,2007-07-15,NONE,NONE,NO,ms_cable,NO,POINT (8.504916028312181 46.94491924027246)
dd5e536a-1225-40a5-aa91-62f8b511c49b,1,NW24000112,LSZC,CRANE,A,8.366279403101586,46.96583673414423,483.2,38.9,55.0,2024-02-22,MARKED,LIGHTED,YES,ms_crane_group_lighted,NO,POINT (8.366279403101586 46.96583673414423)
de312841-f85d-49c7-8481-ffb3ac38bd6c,1,245NW30649,LSZC,POLE,A,8.382312870592893,46.9690470028505,455.7,9.0,,1950-01-01,NONE,NONE,NO,ms_pole,YES,POINT (8.382312870592893 46.9690470028505)
deb8722c-11e0-478a-9922-81f444eac56a,1,245NW30691,LSZC,POLE,A,8.407897134061553,46.97748178043679,439.1,1.0,,1950-01-01,NONE,NONE,NO,ms_pole,YES,POINT (8.407897134061553 46.97748178043679)
df2e75d9-e5e3-448e-931d-afa543b48939,1,235LU00102,,CATENARY,A,8.493604543903883,47.0063674775105,621.4,105.0,,1950-01-01,CABLE_WARNER,NONE,NO,ms_cable_warner,NO,POINT (8.493604543903883 47.0063674775105)
df2e75d9-e5e3-448e-931d-afa543b48939,2,235LU00102,,CATENARY,A,8.496505340895903,47.00341709582671,925.9,105.0,,1950-01-01,CABLE_WARNER,NONE,NO,ms_cable_warner,NO,POINT (8.496505340895903 47.00341709582671)
dfaae3fe-7def-4718-8cec-024b26d52d51,1,245NW30390,LSZC,CRANE,A,8.384854159675353,46.974440894652616,474.4,27.39,,2016-07-18,MARKED,LIGHTED,NO,ms_crane_lighted,NO,POINT (8.384854159675353 46.97444089465262)
dfc49a63-e861-405f-9127-1275f7430519,1,245NW30632,LSZC,BUILDING,A,8.365282767599494,46.95554084290987,493.3,26.0,,1950-01-01,NONE,NONE,NO,ms_building,YES,POINT (8.365282767599494 46.95554084290987)
e39f567b-cfc8-42e8-945d-c7f57e9c07f2,1,235LU00041,,BUILDING,A,8.354814088614848,47.09198365780283,468.0,43.0,,1950-01-01,NONE,NONE,NO,ms_building,NO,POINT (8.354814088614848 47.09198365780283)
e7763fe5-80b4-4ee5-b36f-9e81b9245009,1,235LU10044,,BUILDING,A,8.297523050543331,47.059413110432644,553.0,73.0,,1997-05-01,MARKED,NONE,NO,ms_building,NO,POINT (8.297523050543331 47.05941311043264)
e78ac2f6-0cf2-43e5-bede-5b8e554ab312,1,235LU30181,,CATENARY,A,8.486806435430267,47.027983795586756,1068.0,33.0,,2015-05-01,NONE,NONE,NO,ms_cable,NO,POINT (8.486806435430267 47.02798379558676)
e78ac2f6-0cf2-43e5-bede-5b8e554ab312,2,235LU30181,,CATENARY,A,8.49078277356005,47.02949469508672,1324.5,33.0,,2015-05-01,NONE,NONE,NO,ms_cable,NO,POINT (8.490782773560049 47.02949469508672)
e797542d-723b-44c2-9ba6-110667bb36ac,1,245NW30598,LSZC,BUILDING,A,8.340356508033762,46.95120371325592,637.5,10.0,,1950-01-01,NONE,NONE,NO,ms_building,YES,POINT (8.340356508033762 46.95120371325592)
e8cc0729-a588-4a89-bddb-74804f63aa58,1,245NW30654,LSZC,POLE,A,8.339763117582926,46.958741339198035,522.9,5.0,,1950-01-01,NONE,NONE,NO,ms_pole,YES,POINT (8.339763117582926 46.95874133919803)
ea0e4efb-3ce8-4918-8b63-7a14980b1a78,1,235SZ20020,,CATENARY,A,8.540088456955488,47.01263228119149,1006.0,75.0,,2003-10-17,NONE,NONE,NO,ms_cable,NO,POINT (8.540088456955488 47.01263228119149)
ea0e4efb-3ce8-4918-8b63-7a14980b1a78,2,235SZ20020,,CATENARY,A,8.527510404076548,47.015001335905644,1270.0,75.0,,2003-10-17,NONE,NONE,NO,ms_cable,NO,POINT (8.527510404076548 47.01500133590564)
ea339593-70c2-4df7-96ae-2b1b225efbad,1,245NW30623,LSZC,BUILDING,A,8.33832002644293,46.9572081037608,539.3,12.0,,1950-01-01,NONE,NONE,NO,ms_building,YES,POINT (8.338320026442929 46.9572081037608)
ea380ff0-3b51-41ad-8f99-574432854371,1,235LU10048,,CATENARY,A,8.491164138988593,47.005985079633895,544.7,65.0,,1999-05-01,NONE,NONE,NO,ms_cable,NO,POINT (8.491164138988593 47.00598507963389)
ea380ff0-3b51-41ad-8f99-574432854371,2,235LU10048,,CATENARY,A,8.494665750457774,47.01018096737813,774.3,65.0,,1999-05-01,NONE,NONE,NO,ms_cable,NO,POINT (8.494665750457774 47.01018096737813)
eabc0cbe-c1c8-4230-9326-aa21b0d4f065,1,235LU10027,,POLE,A,8.411950198889361,47.11127858616355,891.0,60.0,,2023-07-17,RED_WHITE_RED,NONE,NO,ms_pole,NO,POINT (8.411950198889361 47.11127858616355)
eaf7a906-02d9-438c-9e7e-0e6082c0aa82,1,235LU30077,,BUILDING,A,8.306157567942437,47.031713764600156,528.4,77.0,,2011-09-30,NONE,LIGHTED,NO,ms_building_lighted,NO,POINT (8.306157567942437 47.03171376460016)
eb2c6803-ff1a-4d80-a057-e9b7a1199a31,1,235LU30033,,POLE,A,8.282466033702013,47.082121733699466,478.6,31.0,,2011-08-08,NONE,NONE,NO,ms_pole,NO,POINT (8.282466033702013 47.08212173369947)
eb795b35-2416-4ee3-a9a5-c17b28b09386,1,245NW30622,LSZC,BUILDING,A,8.337237111109506,46.95928768995388,555.8,9.0,,1950-01-01,NONE,NONE,NO,ms_building,YES,POINT (8.337237111109506 46.95928768995388)
eb84f01c-1721-4675-96c8-c89ea66bfaa9,1,NW22000025,LSZC,CRANE,A,8.418432908230812,46.9895791430291,576.8,66.45,65.0,2023-11-17,ORANGE_CANVAS,LOW,NO,ms_crane_lighted,NO,POINT (8.418432908230812 46.9895791430291)
ed07ca94-f960-4066-82fa-5e29aece48fd,1,235LU30135,,POLE,A,8.287993127933394,47.059448088074944,476.8,41.0,,2013-04-30,NONE,NONE,NO,ms_pole,NO,POINT (8.287993127933394 47.05944808807494)
edb2b775-8222-4364-9f75-172230cd4ac4,1,245NW10120,LSZC,CATENARY,A,8.441804484772165,46.94736048318111,1220.0,40.0,,1980-01-01,NONE,NONE,NO,ms_cable,NO,POINT (8.441804484772165 46.94736048318111)
edb2b775-8222-4364-9f75-172230cd4ac4,2,245NW10120,LSZC,CATENARY,A,8.435465592108901,46.94556264315635,1450.0,40.0,,1980-01-01,NONE,NONE,NO,ms_cable,NO,POINT (8.435465592108901 46.94556264315635)
ef2637b6-2892-4554-b341-1f227e7d09fa,1,245NW00108,LSZC,CATENARY,A,8.440306118312732,46.94450389393133,1268.8,40.0,,1950-01-01,NONE,NONE,NO,ms_cable,NO,POINT (8.440306118312732 46.94450389393133)
ef2637b6-2892-4554-b341-1f227e7d09fa,2,245NW00108,LSZC,CATENARY,A,8.435545537816662,46.94279102761335,1482.0,40.0,,1950-01-01,NONE,NONE,NO,ms_cable,NO,POINT (8.435545537816662 46.94279102761335)
ef3c62e8-88fb-438d-852f-26feec67603f,1,LU24000162,,CRANE,A,8.297733995470832,47.05042634529931,524.0,84.9,50.0,2024-03-08,ORANGE_CANVAS,MEDIUM,NO,ms_crane_lighted,NO,POINT (8.297733995470832 47.05042634529931)
f06bda29-c28a-46c0-ac54-cc15e9b2778e,1,235SZ00057,,CATENARY,A,8.522926716180317,47.00294512449314,776.0,30.0,,1950-01-01,NONE,NONE,NO,ms_cable,NO,POINT (8.522926716180317 47.00294512449314)
f06bda29-c28a-46c0-ac54-cc15e9b2778e,2,235SZ00057,,CATENARY,A,8.521485019158026,47.00318364231367,785.5,30.0,,1950-01-01,NONE,NONE,NO,ms_cable,NO,POINT (8.521485019158026 47.00318364231367)
f270486f-6d71-4bcb-90ce-22725780271b,1,235LU00025,,CATENARY,A,8.503618475203561,47.01452418924163,1109.2,40.0,,1950-01-01,NONE,NONE,NO,ms_cable,NO,POINT (8.503618475203561 47.01452418924163)
f270486f-6d71-4bcb-90ce-22725780271b,2,235LU00025,,CATENARY,A,8.501377353644212,47.01991092695215,1369.5,40.0,,1950-01-01,NONE,NONE,NO,ms_cable,NO,POINT (8.501377353644212 47.01991092695215)
f270486f-6d71-4bcb-90ce-22725780271b,3,235LU00025,,CATENARY,A,8.501215585133851,47.02031094267939,1381.1,40.0,,1950-01-01,NONE,NONE,NO,ms_cable,NO,POINT (8.501215585133851 47.02031094267939)
f35628dd-a221-49f0-97f0-e07a85f3b120,1,245NW30634,LSZC,BUILDING,A,8.37095177420456,46.95451288956886,492.7,26.0,,1950-01-01,NONE,NONE,NO,ms_building,YES,POINT (8.37095177420456 46.95451288956886)
f3fd5297-681c-49e1-a898-90bacc563316,1,245NW00107,LSZC,CATENARY,A,8.441778048601046,46.9473517186926,1222.4,50.0,,1950-01-01,NONE,NONE,NO,ms_cable,NO,POINT (8.441778048601046 46.9473517186926)
f3fd5297-681c-49e1-a898-90bacc563316,2,245NW00107,LSZC,CATENARY,A,8.436494494920419,46.94578758157746,1391.6,50.0,,1950-01-01,NONE,NONE,NO,ms_cable,NO,POINT (8.436494494920419 46.94578758157746)
f571d19d-16c5-4e8c-92be-d7d1187f2d19,1,245NW30605,LSZC,BUILDING,A,8.337065174813349,46.95185683487667,626.6,10.0,,1950-01-01,NONE,NONE,NO,ms_building,YES,POINT (8.337065174813349 46.95185683487667)
f5cf7888-588f-4f57-88da-dedfda08c51a,1,245NW30633,LSZC,BUILDING,A,8.369043736281931,46.955482848284795,489.7,25.0,,1950-01-01,NONE,NONE,NO,ms_building,YES,POINT (8.369043736281931 46.9554828482848)
f5ebc322-9d8c-4486-93e8-dae0ba567340,1,245SZ30259,,CATENARY,A,8.554618271452307,46.996001932209985,832.2,80.0,,1950-01-01,NONE,NONE,NO,ms_cable,NO,POINT (8.554618271452307 46.99600193220999)
f5ebc322-9d8c-4486-93e8-dae0ba567340,2,245SZ30259,,CATENARY,A,8.55335178497446,46.999603744436854,1113.0,80.0,,1950-01-01,NONE,NONE,NO,ms_cable,NO,POINT (8.55335178497446 46.99960374443685)
f7029961-53b8-42d7-8b36-047185d3561b,1,235LU00030,,BUILDING,A,8.355121934090104,47.09072182790066,483.0,58.0,,1950-01-01,NONE,NONE,NO,ms_building,NO,POINT (8.355121934090104 47.09072182790066)
f7188d24-063b-4bf6-8119-a08310b14995,1,246SZ10038,,CATENARY,A,8.625043976430204,46.97049206285061,1121.4,42.0,,1994-07-06,NONE,NONE,NO,ms_cable,NO,POINT (8.625043976430204 46.97049206285061)
f7188d24-063b-4bf6-8119-a08310b14995,2,246SZ10038,,CATENARY,A,8.629507370167692,46.97026585433776,1410.0,42.0,,1994-07-06,NONE,NONE,NO,ms_cable,NO,POINT (8.629507370167692 46.97026585433776)
f8548f4e-2639-44a9-b506-b4278f187772,1,246SZ00122,,CATENARY,A,8.647950562063397,46.96638439697923,1540.6,50.0,,1950-01-01,NONE,NONE,NO,ms_cable,NO,POINT (8.647950562063397 46.96638439697923)
f8548f4e-2639-44a9-b506-b4278f187772,2,246SZ00122,,CATENARY,A,8.643842426176032,46.963098980735616,1730.0,50.0,,1950-01-01,NONE,NONE,NO,ms_cable,NO,POINT (8.643842426176032 46.96309898073562)
f8d0ea99-79be-43d7-ab69-bf3198d92098,1,235LU00032,,CATENARY,A,8.501542448659325,47.014093646441424,1062.4,40.0,,1950-01-01,NONE,NONE,NO,ms_cable,NO,POINT (8.501542448659325 47.01409364644142)
f8d0ea99-79be-43d7-ab69-bf3198d92098,2,235LU00032,,CATENARY,A,8.510606461278902,47.01551154149558,1294.8,40.0,,1950-01-01,NONE,NONE,NO,ms_cable,NO,POINT (8.510606461278902 47.01551154149558)
f9c5959c-05ae-4a38-be18-3fc0e7f122ea,1,245NW00059,,CATENARY,A,8.326620681255747,46.96046430165324,639.7,25.0,,1950-01-01,NONE,NONE,NO,ms_cable,NO,POINT (8.326620681255747 46.96046430165324)
f9c5959c-05ae-4a38-be18-3fc0e7f122ea,2,245NW00059,,CATENARY,A,8.325758571396458,46.95997621114362,636.5,25.0,,1950-01-01,NONE,NONE,NO,ms_cable,NO,POINT (8.325758571396458 46.95997621114362)
fe564346-a1dd-43d3-9bac-43b035987329,1,245NW00087,LSZC,CATENARY,A,8.405309334381702,46.94134097243343,739.8,35.0,,1950-01-01,NONE,NONE,NO,ms_cable,NO,POINT (8.405309334381702 46.94134097243343)
fe564346-a1dd-43d3-9bac-43b035987329,2,245NW00087,LSZC,CATENARY,A,8.40793425981324,46.941228838709094,816.0,35.0,,1950-01-01,NONE,NONE,NO,ms_cable,NO,POINT (8.40793425981324 46.94122883870909)
ffcf921d-ac75-43de-b0f4-f48ec49681ec,1,235SZ00037,,CABLE_CAR,A,8.592187966046929,47.00105490691904,437.6,40.0,,1950-01-01,NONE,NONE,NO,ms_cable,NO,POINT (8.592187966046929 47.00105490691904)
ffcf921d-ac75-43de-b0f4-f48ec49681ec,2,235SZ00037,,CABLE_CAR,A,8.589928985093719,47.01223279516837,1129.8,40.0,,1950-01-01,NONE,NONE,NO,ms_cable,NO,POINT (8.589928985093719 47.01223279516837)
ffdc8387-e031-43d8-8367-f3a7ff897a7c,1,245NW30635,LSZC,BUILDING,A,8.396592576128338,46.96347773716011,490.3,12.0,,1950-01-01,NONE,NONE,NO,ms_building,YES,POINT (8.396592576128338 46.96347773716011)
